pp@cat_encoder,pp@decomposition,pp@featureselector,pp@scaler,pp@feature_map_size,pp@featuregen,pp@kernel_mapper_kernel,pp@projection_features,pp@selectp_percentile,pp@std_with_std,pp@kernel_mapper_coef0,pp@kernel_mapper_degree,pp@kernel_mapper_gamma,pp@poly_degree,activation,activity_regularizer,batch_norm,batch_size,bias_regularizer,data_augmentation,dropout_rate,kernel_initializer,kernel_regularizer,learning_rate,learning_rate_scheduler,learning_rate_scheduler_polynomial_power,lookahead,lookahead_learning_rate,lookahead_num_steps,num_layers,num_units_first,num_units_last,optimizer,regularizer_factor,shake_shake,shuffle_each_epoch,skip_co,snapshot_ensemble,weight_averaging,anti_grad_var_rate,anti_momentum_rate,data_augmentation_cutout_patch_ratio,learning_rate_scheduler_cosine_alpha,learning_rate_scheduler_cosine_restarts_mmul,learning_rate_scheduler_cosine_restarts_tmul,learning_rate_scheduler_decay_rate,learning_rate_scheduler_decay_steps,learning_rate_scheduler_polynomial_end_learning_rate,shake_drop,snapshot_ensemble_period_increase,snapshot_ensemble_period_init,snapshot_ensemble_reset_weights,weight_averaging_cycle_length,shake_drop_drop_proba
ordinal,none,none,none,,none,,,,,,,,,relu,none,off,32,none,none,0.1,glorot_uniform,none,0.0001,none,1.0,False,0.2,5,9,512,512,SGD,0.01,False,True,True,False,False,,0.01,,,,,,,,False,,,,,
none,agglomerator,none,none,,none,,0.6947489426857,,,,,,,relu,none,off,32,none,none,0.1,glorot_uniform,none,0.0001,none,1.0,False,0.2,5,9,512,512,SGD,0.01,False,True,True,False,False,0.0001,0.01,0.1,0.0,1.0,2.0,0.9,1000.0,1e-05,False,0.0,20.0,False,5.0,0.5
onehot,ka_rbf,selectp,minmax,968,none,,,70,,,,700000.6448951246,,relu,none,off,32,none,none,0.1,glorot_uniform,none,0.0001,none,1.0,False,0.2,5,9,512,512,SGD,0.01,False,True,True,False,False,0.0001,0.01,0.1,0.0,1.0,2.0,0.9,1000.0,1e-05,False,0.0,20.0,False,5.0,0.5
onehot,pca,none,std,,none,,,,True,,,,,relu,none,off,32,none,none,0.1,glorot_uniform,none,0.0001,none,1.0,False,0.2,5,9,512,512,SGD,0.01,False,True,True,False,False,0.0001,0.01,0.1,0.0,1.0,2.0,0.9,1000.0,1e-05,False,0.0,20.0,False,5.0,0.5
none,agglomerator,none,none,,none,,0.5811010880029,,,,,,,relu,none,off,32,none,none,0.1,glorot_uniform,none,0.0001,none,1.0,False,0.2,5,9,512,512,SGD,0.01,False,True,True,False,False,0.0001,0.01,0.1,0.0,1.0,2.0,0.9,1000.0,1e-05,False,0.0,20.0,False,5.0,0.5
onehot,kernel_pca,selectp,minmax,,none,cosine,0.8510483587943,82,,,,,,relu,none,off,32,none,none,0.1,glorot_uniform,none,0.0001,none,1.0,False,0.2,5,9,512,512,SGD,0.01,False,True,True,False,False,0.0001,0.01,0.1,0.0,1.0,2.0,0.9,1000.0,1e-05,False,0.0,20.0,False,5.0,0.5
none,fastica,selectp,minmax,,poly,,0.2185451079842,59,,,,,2,relu,none,off,32,none,none,0.1,glorot_uniform,none,0.0001,none,1.0,False,0.2,5,9,512,512,SGD,0.01,False,True,True,False,False,0.0001,0.01,0.1,0.0,1.0,2.0,0.9,1000.0,1e-05,False,0.0,20.0,False,5.0,0.5
none,agglomerator,selectp,std,,none,,0.3462518633665,46,False,,,,,relu,none,off,32,none,none,0.1,glorot_uniform,none,0.0001,none,1.0,False,0.2,5,9,512,512,SGD,0.01,False,True,True,False,False,0.0001,0.01,0.1,0.0,1.0,2.0,0.9,1000.0,1e-05,False,0.0,20.0,False,5.0,0.5
none,lda,none,none,,poly,,0.0974277137789,,,,,,2,relu,none,off,32,none,none,0.1,glorot_uniform,none,0.0001,none,1.0,False,0.2,5,9,512,512,SGD,0.01,False,True,True,False,False,0.0001,0.01,0.1,0.0,1.0,2.0,0.9,1000.0,1e-05,False,0.0,20.0,False,5.0,0.5
onehot,kernel_pca,selectp,none,,none,cosine,0.7805902144262,4,,,,,,relu,none,off,32,none,none,0.1,glorot_uniform,none,0.0001,none,1.0,False,0.2,5,9,512,512,SGD,0.01,False,True,True,False,False,0.0001,0.01,0.1,0.0,1.0,2.0,0.9,1000.0,1e-05,False,0.0,20.0,False,5.0,0.5
ordinal,lda,none,minmax,,poly,,0.1083496414132,,,,,,2,relu,none,off,32,none,none,0.1,glorot_uniform,none,0.0001,none,1.0,False,0.2,5,9,512,512,SGD,0.01,False,True,True,False,False,0.0001,0.01,0.1,0.0,1.0,2.0,0.9,1000.0,1e-05,False,0.0,20.0,False,5.0,0.5
onehot,agglomerator,selectp,minmax,,none,,0.9128705663839,79,,,,,,relu,none,off,32,none,none,0.1,glorot_uniform,none,0.0001,none,1.0,False,0.2,5,9,512,512,SGD,0.01,False,True,True,False,False,0.0001,0.01,0.1,0.0,1.0,2.0,0.9,1000.0,1e-05,False,0.0,20.0,False,5.0,0.5
ordinal,kernel_pca,selectp,minmax,,none,poly,0.5157470045096,15,,49.630735972826,3.0,0.0009491765098,,relu,none,off,32,none,none,0.1,glorot_uniform,none,0.0001,none,1.0,False,0.2,5,9,512,512,SGD,0.01,False,True,True,False,False,0.0001,0.01,0.1,0.0,1.0,2.0,0.9,1000.0,1e-05,False,0.0,20.0,False,5.0,0.5
onehot,lda,selectp,none,,poly,,0.2805197729128,88,,,,,2,relu,none,off,32,none,none,0.1,glorot_uniform,none,0.0001,none,1.0,False,0.2,5,9,512,512,SGD,0.01,False,True,True,False,False,0.0001,0.01,0.1,0.0,1.0,2.0,0.9,1000.0,1e-05,False,0.0,20.0,False,5.0,0.5
ordinal,agglomerator,selectp,minmax,,none,,0.0793261830836,71,,,,,,relu,none,off,32,none,none,0.1,glorot_uniform,none,0.0001,none,1.0,False,0.2,5,9,512,512,SGD,0.01,False,True,True,False,False,0.0001,0.01,0.1,0.0,1.0,2.0,0.9,1000.0,1e-05,False,0.0,20.0,False,5.0,0.5
ordinal,agglomerator,none,minmax,,poly,,0.8196128502543,,,,,,2,relu,none,off,32,none,none,0.1,glorot_uniform,none,0.0001,none,1.0,False,0.2,5,9,512,512,SGD,0.01,False,True,True,False,False,0.0001,0.01,0.1,0.0,1.0,2.0,0.9,1000.0,1e-05,False,0.0,20.0,False,5.0,0.5
none,ka_rbf,selectp,none,227,none,,,6,,,,84.3780071308842,,relu,none,off,32,none,none,0.1,glorot_uniform,none,0.0001,none,1.0,False,0.2,5,9,512,512,SGD,0.01,False,True,True,False,False,0.0001,0.01,0.1,0.0,1.0,2.0,0.9,1000.0,1e-05,False,0.0,20.0,False,5.0,0.5
onehot,pca,none,none,,none,,,,,,,,,relu,none,off,32,none,none,0.1,glorot_uniform,none,0.0001,none,1.0,False,0.2,5,9,512,512,SGD,0.01,False,True,True,False,False,0.0001,0.01,0.1,0.0,1.0,2.0,0.9,1000.0,1e-05,False,0.0,20.0,False,5.0,0.5
ordinal,fastica,none,std,,poly,,0.7233460597223,,True,,,,2,relu,none,off,32,none,none,0.1,glorot_uniform,none,0.0001,none,1.0,False,0.2,5,9,512,512,SGD,0.01,False,True,True,False,False,0.0001,0.01,0.1,0.0,1.0,2.0,0.9,1000.0,1e-05,False,0.0,20.0,False,5.0,0.5
onehot,fastica,selectp,none,,poly,,0.0933127689117,72,,,,,2,relu,none,off,32,none,none,0.1,glorot_uniform,none,0.0001,none,1.0,False,0.2,5,9,512,512,SGD,0.01,False,True,True,False,False,0.0001,0.01,0.1,0.0,1.0,2.0,0.9,1000.0,1e-05,False,0.0,20.0,False,5.0,0.5
none,fastica,selectp,none,,none,,0.774403742873,62,,,,,,relu,none,off,32,none,none,0.1,glorot_uniform,none,0.0001,none,1.0,False,0.2,5,9,512,512,SGD,0.01,False,True,True,False,False,0.0001,0.01,0.1,0.0,1.0,2.0,0.9,1000.0,1e-05,False,0.0,20.0,False,5.0,0.5
none,ka_nystroem,selectp,std,896,none,rbf,,82,True,,,0.0054626221156,,relu,none,off,32,none,none,0.1,glorot_uniform,none,0.0001,none,1.0,False,0.2,5,9,512,512,SGD,0.01,False,True,True,False,False,0.0001,0.01,0.1,0.0,1.0,2.0,0.9,1000.0,1e-05,False,0.0,20.0,False,5.0,0.5
ordinal,ka_nystroem,none,none,772,none,cosine,,,,,,,,relu,none,off,32,none,none,0.1,glorot_uniform,none,0.0001,none,1.0,False,0.2,5,9,512,512,SGD,0.01,False,True,True,False,False,0.0001,0.01,0.1,0.0,1.0,2.0,0.9,1000.0,1e-05,False,0.0,20.0,False,5.0,0.5
none,kernel_pca,none,std,,none,sigmoid,0.6735458893646,,True,88.260322702571,4.0,19.6091044176097,,relu,none,off,32,none,none,0.1,glorot_uniform,none,0.0001,none,1.0,False,0.2,5,9,512,512,SGD,0.01,False,True,True,False,False,0.0001,0.01,0.1,0.0,1.0,2.0,0.9,1000.0,1e-05,False,0.0,20.0,False,5.0,0.5
onehot,agglomerator,selectp,none,,none,,0.2287712240424,30,,,,,,relu,none,off,32,none,none,0.1,glorot_uniform,none,0.0001,none,1.0,False,0.2,5,9,512,512,SGD,0.01,False,True,True,False,False,0.0001,0.01,0.1,0.0,1.0,2.0,0.9,1000.0,1e-05,False,0.0,20.0,False,5.0,0.5
none,ka_nystroem,selectp,std,700,none,poly,,32,True,22.766893839299,2.0,0.0044207819085,,relu,none,off,32,none,none,0.1,glorot_uniform,none,0.0001,none,1.0,False,0.2,5,9,512,512,SGD,0.01,False,True,True,False,False,0.0001,0.01,0.1,0.0,1.0,2.0,0.9,1000.0,1e-05,False,0.0,20.0,False,5.0,0.5
none,fastica,selectp,minmax,,none,,0.1490027782844,80,,,,,,relu,none,off,32,none,none,0.1,glorot_uniform,none,0.0001,none,1.0,False,0.2,5,9,512,512,SGD,0.01,False,True,True,False,False,0.0001,0.01,0.1,0.0,1.0,2.0,0.9,1000.0,1e-05,False,0.0,20.0,False,5.0,0.5
none,none,none,minmax,,poly,,,,,,,,2,relu,none,off,32,none,none,0.1,glorot_uniform,none,0.0001,none,1.0,False,0.2,5,9,512,512,SGD,0.01,False,True,True,False,False,0.0001,0.01,0.1,0.0,1.0,2.0,0.9,1000.0,1e-05,False,0.0,20.0,False,5.0,0.5
none,none,selectp,minmax,,poly,,,32,,,,,2,relu,none,off,32,none,none,0.1,glorot_uniform,none,0.0001,none,1.0,False,0.2,5,9,512,512,SGD,0.01,False,True,True,False,False,0.0001,0.01,0.1,0.0,1.0,2.0,0.9,1000.0,1e-05,False,0.0,20.0,False,5.0,0.5
onehot,ka_nystroem,selectp,std,23,none,cosine,,19,True,,,,,relu,none,off,32,none,none,0.1,glorot_uniform,none,0.0001,none,1.0,False,0.2,5,9,512,512,SGD,0.01,False,True,True,False,False,0.0001,0.01,0.1,0.0,1.0,2.0,0.9,1000.0,1e-05,False,0.0,20.0,False,5.0,0.5
onehot,ka_nystroem,none,minmax,536,none,rbf,,,,,,0.0006579318776,,relu,none,off,32,none,none,0.1,glorot_uniform,none,0.0001,none,1.0,False,0.2,5,9,512,512,SGD,0.01,False,True,True,False,False,0.0001,0.01,0.1,0.0,1.0,2.0,0.9,1000.0,1e-05,False,0.0,20.0,False,5.0,0.5
ordinal,fastica,selectp,none,,poly,,0.1727332409261,72,,,,,2,relu,none,off,32,none,none,0.1,glorot_uniform,none,0.0001,none,1.0,False,0.2,5,9,512,512,SGD,0.01,False,True,True,False,False,0.0001,0.01,0.1,0.0,1.0,2.0,0.9,1000.0,1e-05,False,0.0,20.0,False,5.0,0.5
none,ka_rbf,none,std,77,none,,,,True,,,1.6858263e-06,,relu,none,off,32,none,none,0.1,glorot_uniform,none,0.0001,none,1.0,False,0.2,5,9,512,512,SGD,0.01,False,True,True,False,False,0.0001,0.01,0.1,0.0,1.0,2.0,0.9,1000.0,1e-05,False,0.0,20.0,False,5.0,0.5
ordinal,fastica,selectp,none,,poly,,0.3698324801264,63,,,,,2,relu,none,off,32,none,none,0.1,glorot_uniform,none,0.0001,none,1.0,False,0.2,5,9,512,512,SGD,0.01,False,True,True,False,False,0.0001,0.01,0.1,0.0,1.0,2.0,0.9,1000.0,1e-05,False,0.0,20.0,False,5.0,0.5
ordinal,kernel_pca,selectp,none,,none,sigmoid,0.5498608542826,20,,77.3651309078725,2.0,0.0001815675652,,relu,none,off,32,none,none,0.1,glorot_uniform,none,0.0001,none,1.0,False,0.2,5,9,512,512,SGD,0.01,False,True,True,False,False,0.0001,0.01,0.1,0.0,1.0,2.0,0.9,1000.0,1e-05,False,0.0,20.0,False,5.0,0.5
onehot,ka_nystroem,none,none,907,none,rbf,,,,,,0.0015838842224,,relu,none,off,32,none,none,0.1,glorot_uniform,none,0.0001,none,1.0,False,0.2,5,9,512,512,SGD,0.01,False,True,True,False,False,0.0001,0.01,0.1,0.0,1.0,2.0,0.9,1000.0,1e-05,False,0.0,20.0,False,5.0,0.5
none,fastica,selectp,std,,poly,,0.6708834227033,50,False,,,,2,relu,none,off,32,none,none,0.1,glorot_uniform,none,0.0001,none,1.0,False,0.2,5,9,512,512,SGD,0.01,False,True,True,False,False,0.0001,0.01,0.1,0.0,1.0,2.0,0.9,1000.0,1e-05,False,0.0,20.0,False,5.0,0.5
none,lda,none,none,,poly,,0.285579759129,,,,,,2,relu,none,off,32,none,none,0.1,glorot_uniform,none,0.0001,none,1.0,False,0.2,5,9,512,512,SGD,0.01,False,True,True,False,False,0.0001,0.01,0.1,0.0,1.0,2.0,0.9,1000.0,1e-05,False,0.0,20.0,False,5.0,0.5
onehot,ka_rbf,selectp,minmax,42,none,,,2,,,,31142.151329839577,,relu,none,off,32,none,none,0.1,glorot_uniform,none,0.0001,none,1.0,False,0.2,5,9,512,512,SGD,0.01,False,True,True,False,False,0.0001,0.01,0.1,0.0,1.0,2.0,0.9,1000.0,1e-05,False,0.0,20.0,False,5.0,0.5
onehot,pca,none,std,,none,,,,False,,,,,relu,none,off,32,none,none,0.1,glorot_uniform,none,0.0001,none,1.0,False,0.2,5,9,512,512,SGD,0.01,False,True,True,False,False,0.0001,0.01,0.1,0.0,1.0,2.0,0.9,1000.0,1e-05,False,0.0,20.0,False,5.0,0.5
onehot,kernel_pca,none,minmax,,none,sigmoid,0.6451021242139,,,2.7614044963305,3.0,280219.51805267704,,relu,none,off,32,none,none,0.1,glorot_uniform,none,0.0001,none,1.0,False,0.2,5,9,512,512,SGD,0.01,False,True,True,False,False,0.0001,0.01,0.1,0.0,1.0,2.0,0.9,1000.0,1e-05,False,0.0,20.0,False,5.0,0.5
none,kernel_pca,selectp,std,,none,rbf,0.8475240347269,61,False,,,9.37911932e-05,,relu,none,off,32,none,none,0.1,glorot_uniform,none,0.0001,none,1.0,False,0.2,5,9,512,512,SGD,0.01,False,True,True,False,False,0.0001,0.01,0.1,0.0,1.0,2.0,0.9,1000.0,1e-05,False,0.0,20.0,False,5.0,0.5
ordinal,ka_nystroem,none,none,884,none,poly,,,,6.3697718500741,3.0,0.0010943027835,,relu,none,off,32,none,none,0.1,glorot_uniform,none,0.0001,none,1.0,False,0.2,5,9,512,512,SGD,0.01,False,True,True,False,False,0.0001,0.01,0.1,0.0,1.0,2.0,0.9,1000.0,1e-05,False,0.0,20.0,False,5.0,0.5
ordinal,none,selectp,minmax,,poly,,,79,,,,,2,relu,none,off,32,none,none,0.1,glorot_uniform,none,0.0001,none,1.0,False,0.2,5,9,512,512,SGD,0.01,False,True,True,False,False,0.0001,0.01,0.1,0.0,1.0,2.0,0.9,1000.0,1e-05,False,0.0,20.0,False,5.0,0.5
none,kernel_pca,selectp,std,,none,cosine,0.1997366033711,58,True,,,,,relu,none,off,32,none,none,0.1,glorot_uniform,none,0.0001,none,1.0,False,0.2,5,9,512,512,SGD,0.01,False,True,True,False,False,0.0001,0.01,0.1,0.0,1.0,2.0,0.9,1000.0,1e-05,False,0.0,20.0,False,5.0,0.5
ordinal,kernel_pca,selectp,none,,none,cosine,0.4162182910921,19,,,,,,relu,none,off,32,none,none,0.1,glorot_uniform,none,0.0001,none,1.0,False,0.2,5,9,512,512,SGD,0.01,False,True,True,False,False,0.0001,0.01,0.1,0.0,1.0,2.0,0.9,1000.0,1e-05,False,0.0,20.0,False,5.0,0.5
none,ka_nystroem,selectp,none,411,none,rbf,,42,,,,205.9515916455877,,relu,none,off,32,none,none,0.1,glorot_uniform,none,0.0001,none,1.0,False,0.2,5,9,512,512,SGD,0.01,False,True,True,False,False,0.0001,0.01,0.1,0.0,1.0,2.0,0.9,1000.0,1e-05,False,0.0,20.0,False,5.0,0.5
none,pca,none,std,,none,,,,False,,,,,relu,none,off,32,none,none,0.1,glorot_uniform,none,0.0001,none,1.0,False,0.2,5,9,512,512,SGD,0.01,False,True,True,False,False,0.0001,0.01,0.1,0.0,1.0,2.0,0.9,1000.0,1e-05,False,0.0,20.0,False,5.0,0.5
onehot,ka_rbf,selectp,std,175,none,,,44,True,,,48670.08659394341,,relu,none,off,32,none,none,0.1,glorot_uniform,none,0.0001,none,1.0,False,0.2,5,9,512,512,SGD,0.01,False,True,True,False,False,0.0001,0.01,0.1,0.0,1.0,2.0,0.9,1000.0,1e-05,False,0.0,20.0,False,5.0,0.5
none,agglomerator,selectp,std,,poly,,0.3174363020057,33,False,,,,2,relu,none,off,32,none,none,0.1,glorot_uniform,none,0.0001,none,1.0,False,0.2,5,9,512,512,SGD,0.01,False,True,True,False,False,0.0001,0.01,0.1,0.0,1.0,2.0,0.9,1000.0,1e-05,False,0.0,20.0,False,5.0,0.5
onehot,lda,selectp,std,,poly,,0.7122064929543,76,True,,,,2,relu,none,off,32,none,none,0.1,glorot_uniform,none,0.0001,none,1.0,False,0.2,5,9,512,512,SGD,0.01,False,True,True,False,False,0.0001,0.01,0.1,0.0,1.0,2.0,0.9,1000.0,1e-05,False,0.0,20.0,False,5.0,0.5
onehot,ka_nystroem,none,minmax,642,none,cosine,,,,,,,,relu,none,off,32,none,none,0.1,glorot_uniform,none,0.0001,none,1.0,False,0.2,5,9,512,512,SGD,0.01,False,True,True,False,False,0.0001,0.01,0.1,0.0,1.0,2.0,0.9,1000.0,1e-05,False,0.0,20.0,False,5.0,0.5
ordinal,pca,none,std,,none,,,,True,,,,,relu,none,off,32,none,none,0.1,glorot_uniform,none,0.0001,none,1.0,False,0.2,5,9,512,512,SGD,0.01,False,True,True,False,False,0.0001,0.01,0.1,0.0,1.0,2.0,0.9,1000.0,1e-05,False,0.0,20.0,False,5.0,0.5
onehot,ka_rbf,selectp,none,335,none,,,51,,,,0.8032216942882,,relu,none,off,32,none,none,0.1,glorot_uniform,none,0.0001,none,1.0,False,0.2,5,9,512,512,SGD,0.01,False,True,True,False,False,0.0001,0.01,0.1,0.0,1.0,2.0,0.9,1000.0,1e-05,False,0.0,20.0,False,5.0,0.5
ordinal,ka_rbf,selectp,minmax,522,none,,,9,,,,6.5741589692084,,relu,none,off,32,none,none,0.1,glorot_uniform,none,0.0001,none,1.0,False,0.2,5,9,512,512,SGD,0.01,False,True,True,False,False,0.0001,0.01,0.1,0.0,1.0,2.0,0.9,1000.0,1e-05,False,0.0,20.0,False,5.0,0.5
none,ka_rbf,selectp,none,832,none,,,84,,,,143.7344537147486,,relu,none,off,32,none,none,0.1,glorot_uniform,none,0.0001,none,1.0,False,0.2,5,9,512,512,SGD,0.01,False,True,True,False,False,0.0001,0.01,0.1,0.0,1.0,2.0,0.9,1000.0,1e-05,False,0.0,20.0,False,5.0,0.5
ordinal,lda,selectp,none,,none,,0.0501624327529,3,,,,,,relu,none,off,32,none,none,0.1,glorot_uniform,none,0.0001,none,1.0,False,0.2,5,9,512,512,SGD,0.01,False,True,True,False,False,0.0001,0.01,0.1,0.0,1.0,2.0,0.9,1000.0,1e-05,False,0.0,20.0,False,5.0,0.5
ordinal,none,selectp,std,,poly,,,29,True,,,,2,relu,none,off,32,none,none,0.1,glorot_uniform,none,0.0001,none,1.0,False,0.2,5,9,512,512,SGD,0.01,False,True,True,False,False,0.0001,0.01,0.1,0.0,1.0,2.0,0.9,1000.0,1e-05,False,0.0,20.0,False,5.0,0.5
ordinal,ka_rbf,none,minmax,445,none,,,,,,,0.4993556880989,,relu,none,off,32,none,none,0.1,glorot_uniform,none,0.0001,none,1.0,False,0.2,5,9,512,512,SGD,0.01,False,True,True,False,False,0.0001,0.01,0.1,0.0,1.0,2.0,0.9,1000.0,1e-05,False,0.0,20.0,False,5.0,0.5
none,pca,selectp,none,,none,,,44,,,,,,relu,none,off,32,none,none,0.1,glorot_uniform,none,0.0001,none,1.0,False,0.2,5,9,512,512,SGD,0.01,False,True,True,False,False,0.0001,0.01,0.1,0.0,1.0,2.0,0.9,1000.0,1e-05,False,0.0,20.0,False,5.0,0.5
onehot,pca,selectp,std,,none,,,98,False,,,,,relu,none,off,32,none,none,0.1,glorot_uniform,none,0.0001,none,1.0,False,0.2,5,9,512,512,SGD,0.01,False,True,True,False,False,0.0001,0.01,0.1,0.0,1.0,2.0,0.9,1000.0,1e-05,False,0.0,20.0,False,5.0,0.5
none,fastica,none,std,,none,,0.3280520864038,,True,,,,,relu,none,off,32,none,none,0.1,glorot_uniform,none,0.0001,none,1.0,False,0.2,5,9,512,512,SGD,0.01,False,True,True,False,False,0.0001,0.01,0.1,0.0,1.0,2.0,0.9,1000.0,1e-05,False,0.0,20.0,False,5.0,0.5
onehot,fastica,none,std,,none,,0.7961494387603,,True,,,,,relu,none,off,32,none,none,0.1,glorot_uniform,none,0.0001,none,1.0,False,0.2,5,9,512,512,SGD,0.01,False,True,True,False,False,0.0001,0.01,0.1,0.0,1.0,2.0,0.9,1000.0,1e-05,False,0.0,20.0,False,5.0,0.5
none,ka_nystroem,none,std,372,none,sigmoid,,,False,60.293211047753,3.0,3.1748793e-06,,relu,none,off,32,none,none,0.1,glorot_uniform,none,0.0001,none,1.0,False,0.2,5,9,512,512,SGD,0.01,False,True,True,False,False,0.0001,0.01,0.1,0.0,1.0,2.0,0.9,1000.0,1e-05,False,0.0,20.0,False,5.0,0.5
ordinal,agglomerator,selectp,std,,none,,0.5128663872227,11,False,,,,,relu,none,off,32,none,none,0.1,glorot_uniform,none,0.0001,none,1.0,False,0.2,5,9,512,512,SGD,0.01,False,True,True,False,False,0.0001,0.01,0.1,0.0,1.0,2.0,0.9,1000.0,1e-05,False,0.0,20.0,False,5.0,0.5
onehot,ka_rbf,none,std,174,none,,,,False,,,235.311188947359,,relu,none,off,32,none,none,0.1,glorot_uniform,none,0.0001,none,1.0,False,0.2,5,9,512,512,SGD,0.01,False,True,True,False,False,0.0001,0.01,0.1,0.0,1.0,2.0,0.9,1000.0,1e-05,False,0.0,20.0,False,5.0,0.5
none,pca,selectp,minmax,,none,,,78,,,,,,relu,none,off,32,none,none,0.1,glorot_uniform,none,0.0001,none,1.0,False,0.2,5,9,512,512,SGD,0.01,False,True,True,False,False,0.0001,0.01,0.1,0.0,1.0,2.0,0.9,1000.0,1e-05,False,0.0,20.0,False,5.0,0.5
none,kernel_pca,selectp,std,,none,cosine,0.1358243942454,31,True,,,,,relu,none,off,32,none,none,0.1,glorot_uniform,none,0.0001,none,1.0,False,0.2,5,9,512,512,SGD,0.01,False,True,True,False,False,0.0001,0.01,0.1,0.0,1.0,2.0,0.9,1000.0,1e-05,False,0.0,20.0,False,5.0,0.5
none,none,selectp,minmax,,none,,,65,,,,,,relu,none,off,32,none,none,0.1,glorot_uniform,none,0.0001,none,1.0,False,0.2,5,9,512,512,SGD,0.01,False,True,True,False,False,0.0001,0.01,0.1,0.0,1.0,2.0,0.9,1000.0,1e-05,False,0.0,20.0,False,5.0,0.5
ordinal,kernel_pca,none,std,,none,poly,0.6746827099958,,False,67.0565922983708,5.0,2.9400158e-06,,relu,none,off,32,none,none,0.1,glorot_uniform,none,0.0001,none,1.0,False,0.2,5,9,512,512,SGD,0.01,False,True,True,False,False,0.0001,0.01,0.1,0.0,1.0,2.0,0.9,1000.0,1e-05,False,0.0,20.0,False,5.0,0.5
onehot,none,selectp,minmax,,poly,,,68,,,,,2,relu,none,off,32,none,none,0.1,glorot_uniform,none,0.0001,none,1.0,False,0.2,5,9,512,512,SGD,0.01,False,True,True,False,False,0.0001,0.01,0.1,0.0,1.0,2.0,0.9,1000.0,1e-05,False,0.0,20.0,False,5.0,0.5
onehot,agglomerator,none,none,,none,,0.3037644898594,,,,,,,relu,none,off,32,none,none,0.1,glorot_uniform,none,0.0001,none,1.0,False,0.2,5,9,512,512,SGD,0.01,False,True,True,False,False,0.0001,0.01,0.1,0.0,1.0,2.0,0.9,1000.0,1e-05,False,0.0,20.0,False,5.0,0.5
onehot,ka_nystroem,none,minmax,497,none,cosine,,,,,,,,relu,none,off,32,none,none,0.1,glorot_uniform,none,0.0001,none,1.0,False,0.2,5,9,512,512,SGD,0.01,False,True,True,False,False,0.0001,0.01,0.1,0.0,1.0,2.0,0.9,1000.0,1e-05,False,0.0,20.0,False,5.0,0.5
none,ka_nystroem,none,minmax,142,none,cosine,,,,,,,,relu,none,off,32,none,none,0.1,glorot_uniform,none,0.0001,none,1.0,False,0.2,5,9,512,512,SGD,0.01,False,True,True,False,False,0.0001,0.01,0.1,0.0,1.0,2.0,0.9,1000.0,1e-05,False,0.0,20.0,False,5.0,0.5
onehot,ka_rbf,none,none,571,none,,,,,,,0.239019142995,,relu,none,off,32,none,none,0.1,glorot_uniform,none,0.0001,none,1.0,False,0.2,5,9,512,512,SGD,0.01,False,True,True,False,False,0.0001,0.01,0.1,0.0,1.0,2.0,0.9,1000.0,1e-05,False,0.0,20.0,False,5.0,0.5
onehot,ka_nystroem,none,std,903,none,cosine,,,False,,,,,relu,none,off,32,none,none,0.1,glorot_uniform,none,0.0001,none,1.0,False,0.2,5,9,512,512,SGD,0.01,False,True,True,False,False,0.0001,0.01,0.1,0.0,1.0,2.0,0.9,1000.0,1e-05,False,0.0,20.0,False,5.0,0.5
none,none,selectp,std,,none,,,24,True,,,,,relu,none,off,32,none,none,0.1,glorot_uniform,none,0.0001,none,1.0,False,0.2,5,9,512,512,SGD,0.01,False,True,True,False,False,0.0001,0.01,0.1,0.0,1.0,2.0,0.9,1000.0,1e-05,False,0.0,20.0,False,5.0,0.5
none,fastica,none,minmax,,none,,0.4639062505613,,,,,,,relu,none,off,32,none,none,0.1,glorot_uniform,none,0.0001,none,1.0,False,0.2,5,9,512,512,SGD,0.01,False,True,True,False,False,0.0001,0.01,0.1,0.0,1.0,2.0,0.9,1000.0,1e-05,False,0.0,20.0,False,5.0,0.5
none,ka_nystroem,selectp,std,585,none,cosine,,2,False,,,,,relu,none,off,32,none,none,0.1,glorot_uniform,none,0.0001,none,1.0,False,0.2,5,9,512,512,SGD,0.01,False,True,True,False,False,0.0001,0.01,0.1,0.0,1.0,2.0,0.9,1000.0,1e-05,False,0.0,20.0,False,5.0,0.5
none,none,selectp,std,,none,,,71,False,,,,,relu,none,off,32,none,none,0.1,glorot_uniform,none,0.0001,none,1.0,False,0.2,5,9,512,512,SGD,0.01,False,True,True,False,False,0.0001,0.01,0.1,0.0,1.0,2.0,0.9,1000.0,1e-05,False,0.0,20.0,False,5.0,0.5
ordinal,ka_nystroem,selectp,none,52,none,poly,,69,,10.7776136047627,2.0,63.782417393199,,relu,none,off,32,none,none,0.1,glorot_uniform,none,0.0001,none,1.0,False,0.2,5,9,512,512,SGD,0.01,False,True,True,False,False,0.0001,0.01,0.1,0.0,1.0,2.0,0.9,1000.0,1e-05,False,0.0,20.0,False,5.0,0.5
ordinal,agglomerator,selectp,std,,none,,0.4726066122515,43,False,,,,,relu,none,off,32,none,none,0.1,glorot_uniform,none,0.0001,none,1.0,False,0.2,5,9,512,512,SGD,0.01,False,True,True,False,False,0.0001,0.01,0.1,0.0,1.0,2.0,0.9,1000.0,1e-05,False,0.0,20.0,False,5.0,0.5
onehot,pca,selectp,std,,none,,,100,False,,,,,relu,none,off,32,none,none,0.1,glorot_uniform,none,0.0001,none,1.0,False,0.2,5,9,512,512,SGD,0.01,False,True,True,False,False,0.0001,0.01,0.1,0.0,1.0,2.0,0.9,1000.0,1e-05,False,0.0,20.0,False,5.0,0.5
ordinal,agglomerator,selectp,minmax,,poly,,0.4021243566518,23,,,,,2,relu,none,off,32,none,none,0.1,glorot_uniform,none,0.0001,none,1.0,False,0.2,5,9,512,512,SGD,0.01,False,True,True,False,False,0.0001,0.01,0.1,0.0,1.0,2.0,0.9,1000.0,1e-05,False,0.0,20.0,False,5.0,0.5
none,agglomerator,none,std,,none,,0.9016404025268,,True,,,,,relu,none,off,32,none,none,0.1,glorot_uniform,none,0.0001,none,1.0,False,0.2,5,9,512,512,SGD,0.01,False,True,True,False,False,0.0001,0.01,0.1,0.0,1.0,2.0,0.9,1000.0,1e-05,False,0.0,20.0,False,5.0,0.5
ordinal,pca,selectp,std,,none,,,39,True,,,,,relu,none,off,32,none,none,0.1,glorot_uniform,none,0.0001,none,1.0,False,0.2,5,9,512,512,SGD,0.01,False,True,True,False,False,0.0001,0.01,0.1,0.0,1.0,2.0,0.9,1000.0,1e-05,False,0.0,20.0,False,5.0,0.5
none,ka_rbf,none,minmax,95,none,,,,,,,0.0005451966492,,relu,none,off,32,none,none,0.1,glorot_uniform,none,0.0001,none,1.0,False,0.2,5,9,512,512,SGD,0.01,False,True,True,False,False,0.0001,0.01,0.1,0.0,1.0,2.0,0.9,1000.0,1e-05,False,0.0,20.0,False,5.0,0.5
ordinal,ka_rbf,none,minmax,265,none,,,,,,,0.1003184858526,,relu,none,off,32,none,none,0.1,glorot_uniform,none,0.0001,none,1.0,False,0.2,5,9,512,512,SGD,0.01,False,True,True,False,False,0.0001,0.01,0.1,0.0,1.0,2.0,0.9,1000.0,1e-05,False,0.0,20.0,False,5.0,0.5
none,ka_nystroem,none,minmax,620,none,sigmoid,,,,42.6152275026113,3.0,0.0065998033978,,relu,none,off,32,none,none,0.1,glorot_uniform,none,0.0001,none,1.0,False,0.2,5,9,512,512,SGD,0.01,False,True,True,False,False,0.0001,0.01,0.1,0.0,1.0,2.0,0.9,1000.0,1e-05,False,0.0,20.0,False,5.0,0.5
onehot,none,none,std,,poly,,,,False,,,,2,relu,none,off,32,none,none,0.1,glorot_uniform,none,0.0001,none,1.0,False,0.2,5,9,512,512,SGD,0.01,False,True,True,False,False,0.0001,0.01,0.1,0.0,1.0,2.0,0.9,1000.0,1e-05,False,0.0,20.0,False,5.0,0.5
onehot,ka_nystroem,none,std,57,none,sigmoid,,,False,32.2054427363692,2.0,0.1487359917728,,relu,none,off,32,none,none,0.1,glorot_uniform,none,0.0001,none,1.0,False,0.2,5,9,512,512,SGD,0.01,False,True,True,False,False,0.0001,0.01,0.1,0.0,1.0,2.0,0.9,1000.0,1e-05,False,0.0,20.0,False,5.0,0.5
ordinal,fastica,selectp,std,,poly,,0.8441131682153,7,True,,,,2,relu,none,off,32,none,none,0.1,glorot_uniform,none,0.0001,none,1.0,False,0.2,5,9,512,512,SGD,0.01,False,True,True,False,False,0.0001,0.01,0.1,0.0,1.0,2.0,0.9,1000.0,1e-05,False,0.0,20.0,False,5.0,0.5
none,kernel_pca,selectp,std,,none,cosine,0.6561761005566,34,False,,,,,relu,none,off,32,none,none,0.1,glorot_uniform,none,0.0001,none,1.0,False,0.2,5,9,512,512,SGD,0.01,False,True,True,False,False,0.0001,0.01,0.1,0.0,1.0,2.0,0.9,1000.0,1e-05,False,0.0,20.0,False,5.0,0.5
onehot,fastica,none,std,,none,,0.9410663574955,,True,,,,,relu,none,off,32,none,none,0.1,glorot_uniform,none,0.0001,none,1.0,False,0.2,5,9,512,512,SGD,0.01,False,True,True,False,False,0.0001,0.01,0.1,0.0,1.0,2.0,0.9,1000.0,1e-05,False,0.0,20.0,False,5.0,0.5
none,fastica,none,std,,poly,,0.2788702906834,,True,,,,2,relu,none,off,32,none,none,0.1,glorot_uniform,none,0.0001,none,1.0,False,0.2,5,9,512,512,SGD,0.01,False,True,True,False,False,0.0001,0.01,0.1,0.0,1.0,2.0,0.9,1000.0,1e-05,False,0.0,20.0,False,5.0,0.5
ordinal,agglomerator,none,minmax,,poly,,0.1087354353948,,,,,,2,relu,none,off,32,none,none,0.1,glorot_uniform,none,0.0001,none,1.0,False,0.2,5,9,512,512,SGD,0.01,False,True,True,False,False,0.0001,0.01,0.1,0.0,1.0,2.0,0.9,1000.0,1e-05,False,0.0,20.0,False,5.0,0.5
none,kernel_pca,none,minmax,,none,cosine,0.1941232444753,,,,,,,relu,none,off,32,none,none,0.1,glorot_uniform,none,0.0001,none,1.0,False,0.2,5,9,512,512,SGD,0.01,False,True,True,False,False,0.0001,0.01,0.1,0.0,1.0,2.0,0.9,1000.0,1e-05,False,0.0,20.0,False,5.0,0.5
none,pca,selectp,std,,none,,,87,True,,,,,relu,none,off,32,none,none,0.1,glorot_uniform,none,0.0001,none,1.0,False,0.2,5,9,512,512,SGD,0.01,False,True,True,False,False,0.0001,0.01,0.1,0.0,1.0,2.0,0.9,1000.0,1e-05,False,0.0,20.0,False,5.0,0.5
ordinal,ka_nystroem,none,none,103,none,poly,,,,3.8622770027903,2.0,17.725279220939,,relu,none,off,32,none,none,0.1,glorot_uniform,none,0.0001,none,1.0,False,0.2,5,9,512,512,SGD,0.01,False,True,True,False,False,0.0001,0.01,0.1,0.0,1.0,2.0,0.9,1000.0,1e-05,False,0.0,20.0,False,5.0,0.5
onehot,ka_rbf,none,minmax,358,none,,,,,,,11007.57430390893,,relu,none,off,32,none,none,0.1,glorot_uniform,none,0.0001,none,1.0,False,0.2,5,9,512,512,SGD,0.01,False,True,True,False,False,0.0001,0.01,0.1,0.0,1.0,2.0,0.9,1000.0,1e-05,False,0.0,20.0,False,5.0,0.5
ordinal,ka_nystroem,none,std,217,none,cosine,,,False,,,,,relu,none,off,32,none,none,0.1,glorot_uniform,none,0.0001,none,1.0,False,0.2,5,9,512,512,SGD,0.01,False,True,True,False,False,0.0001,0.01,0.1,0.0,1.0,2.0,0.9,1000.0,1e-05,False,0.0,20.0,False,5.0,0.5
none,lda,selectp,minmax,,poly,,0.2090459633597,47,,,,,2,relu,none,off,32,none,none,0.1,glorot_uniform,none,0.0001,none,1.0,False,0.2,5,9,512,512,SGD,0.01,False,True,True,False,False,0.0001,0.01,0.1,0.0,1.0,2.0,0.9,1000.0,1e-05,False,0.0,20.0,False,5.0,0.5
ordinal,fastica,none,none,,none,,0.2468905483979,,,,,,,relu,none,off,32,none,none,0.1,glorot_uniform,none,0.0001,none,1.0,False,0.2,5,9,512,512,SGD,0.01,False,True,True,False,False,0.0001,0.01,0.1,0.0,1.0,2.0,0.9,1000.0,1e-05,False,0.0,20.0,False,5.0,0.5
ordinal,pca,selectp,minmax,,none,,,25,,,,,,relu,none,off,32,none,none,0.1,glorot_uniform,none,0.0001,none,1.0,False,0.2,5,9,512,512,SGD,0.01,False,True,True,False,False,0.0001,0.01,0.1,0.0,1.0,2.0,0.9,1000.0,1e-05,False,0.0,20.0,False,5.0,0.5
none,none,none,minmax,,none,,,,,,,,,relu,none,off,32,none,none,0.1,glorot_uniform,none,0.0001,none,1.0,False,0.2,5,9,512,512,SGD,0.01,False,True,True,False,False,0.0001,0.01,0.1,0.0,1.0,2.0,0.9,1000.0,1e-05,False,0.0,20.0,False,5.0,0.5
ordinal,fastica,selectp,minmax,,poly,,0.3618964526463,33,,,,,2,relu,none,off,32,none,none,0.1,glorot_uniform,none,0.0001,none,1.0,False,0.2,5,9,512,512,SGD,0.01,False,True,True,False,False,0.0001,0.01,0.1,0.0,1.0,2.0,0.9,1000.0,1e-05,False,0.0,20.0,False,5.0,0.5
onehot,ka_nystroem,none,std,494,none,rbf,,,True,,,1605.361386173606,,relu,none,off,32,none,none,0.1,glorot_uniform,none,0.0001,none,1.0,False,0.2,5,9,512,512,SGD,0.01,False,True,True,False,False,0.0001,0.01,0.1,0.0,1.0,2.0,0.9,1000.0,1e-05,False,0.0,20.0,False,5.0,0.5
none,ka_nystroem,selectp,none,684,none,cosine,,21,,,,,,relu,none,off,32,none,none,0.1,glorot_uniform,none,0.0001,none,1.0,False,0.2,5,9,512,512,SGD,0.01,False,True,True,False,False,0.0001,0.01,0.1,0.0,1.0,2.0,0.9,1000.0,1e-05,False,0.0,20.0,False,5.0,0.5
onehot,kernel_pca,none,std,,none,sigmoid,0.4322368778884,,True,45.744821863654,3.0,0.0676092753418,,relu,none,off,32,none,none,0.1,glorot_uniform,none,0.0001,none,1.0,False,0.2,5,9,512,512,SGD,0.01,False,True,True,False,False,0.0001,0.01,0.1,0.0,1.0,2.0,0.9,1000.0,1e-05,False,0.0,20.0,False,5.0,0.5
none,ka_rbf,none,minmax,252,none,,,,,,,184.1450925330838,,relu,none,off,32,none,none,0.1,glorot_uniform,none,0.0001,none,1.0,False,0.2,5,9,512,512,SGD,0.01,False,True,True,False,False,0.0001,0.01,0.1,0.0,1.0,2.0,0.9,1000.0,1e-05,False,0.0,20.0,False,5.0,0.5
onehot,none,none,minmax,,poly,,,,,,,,2,relu,none,off,32,none,none,0.1,glorot_uniform,none,0.0001,none,1.0,False,0.2,5,9,512,512,SGD,0.01,False,True,True,False,False,0.0001,0.01,0.1,0.0,1.0,2.0,0.9,1000.0,1e-05,False,0.0,20.0,False,5.0,0.5
ordinal,lda,none,none,,poly,,0.5918587841771,,,,,,2,relu,none,off,32,none,none,0.1,glorot_uniform,none,0.0001,none,1.0,False,0.2,5,9,512,512,SGD,0.01,False,True,True,False,False,0.0001,0.01,0.1,0.0,1.0,2.0,0.9,1000.0,1e-05,False,0.0,20.0,False,5.0,0.5
ordinal,kernel_pca,none,std,,none,sigmoid,0.12262391604,,False,0.7270743209021,2.0,54372.527012069964,,relu,none,off,32,none,none,0.1,glorot_uniform,none,0.0001,none,1.0,False,0.2,5,9,512,512,SGD,0.01,False,True,True,False,False,0.0001,0.01,0.1,0.0,1.0,2.0,0.9,1000.0,1e-05,False,0.0,20.0,False,5.0,0.5
none,kernel_pca,none,none,,none,poly,0.9867415251477,,,77.4089929737787,2.0,39456.874968946046,,relu,none,off,32,none,none,0.1,glorot_uniform,none,0.0001,none,1.0,False,0.2,5,9,512,512,SGD,0.01,False,True,True,False,False,0.0001,0.01,0.1,0.0,1.0,2.0,0.9,1000.0,1e-05,False,0.0,20.0,False,5.0,0.5
none,ka_nystroem,none,none,753,none,rbf,,,,,,676.3837387804617,,relu,none,off,32,none,none,0.1,glorot_uniform,none,0.0001,none,1.0,False,0.2,5,9,512,512,SGD,0.01,False,True,True,False,False,0.0001,0.01,0.1,0.0,1.0,2.0,0.9,1000.0,1e-05,False,0.0,20.0,False,5.0,0.5
onehot,ka_nystroem,none,minmax,729,none,cosine,,,,,,,,relu,none,off,32,none,none,0.1,glorot_uniform,none,0.0001,none,1.0,False,0.2,5,9,512,512,SGD,0.01,False,True,True,False,False,0.0001,0.01,0.1,0.0,1.0,2.0,0.9,1000.0,1e-05,False,0.0,20.0,False,5.0,0.5
onehot,lda,selectp,std,,none,,0.446019562693,34,True,,,,,relu,none,off,32,none,none,0.1,glorot_uniform,none,0.0001,none,1.0,False,0.2,5,9,512,512,SGD,0.01,False,True,True,False,False,0.0001,0.01,0.1,0.0,1.0,2.0,0.9,1000.0,1e-05,False,0.0,20.0,False,5.0,0.5
none,none,selectp,none,,poly,,,85,,,,,2,relu,none,off,32,none,none,0.1,glorot_uniform,none,0.0001,none,1.0,False,0.2,5,9,512,512,SGD,0.01,False,True,True,False,False,0.0001,0.01,0.1,0.0,1.0,2.0,0.9,1000.0,1e-05,False,0.0,20.0,False,5.0,0.5
onehot,ka_rbf,none,minmax,798,none,,,,,,,0.0059616675856,,relu,none,off,32,none,none,0.1,glorot_uniform,none,0.0001,none,1.0,False,0.2,5,9,512,512,SGD,0.01,False,True,True,False,False,0.0001,0.01,0.1,0.0,1.0,2.0,0.9,1000.0,1e-05,False,0.0,20.0,False,5.0,0.5
none,ka_rbf,none,minmax,747,none,,,,,,,20024.040026592356,,relu,none,off,32,none,none,0.1,glorot_uniform,none,0.0001,none,1.0,False,0.2,5,9,512,512,SGD,0.01,False,True,True,False,False,0.0001,0.01,0.1,0.0,1.0,2.0,0.9,1000.0,1e-05,False,0.0,20.0,False,5.0,0.5
onehot,ka_rbf,none,none,232,none,,,,,,,51.9176686320333,,relu,none,off,32,none,none,0.1,glorot_uniform,none,0.0001,none,1.0,False,0.2,5,9,512,512,SGD,0.01,False,True,True,False,False,0.0001,0.01,0.1,0.0,1.0,2.0,0.9,1000.0,1e-05,False,0.0,20.0,False,5.0,0.5
onehot,none,none,std,,none,,,,False,,,,,relu,none,off,32,none,none,0.1,glorot_uniform,none,0.0001,none,1.0,False,0.2,5,9,512,512,SGD,0.01,False,True,True,False,False,0.0001,0.01,0.1,0.0,1.0,2.0,0.9,1000.0,1e-05,False,0.0,20.0,False,5.0,0.5
none,ka_rbf,none,std,984,none,,,,False,,,885.2377855058195,,relu,none,off,32,none,none,0.1,glorot_uniform,none,0.0001,none,1.0,False,0.2,5,9,512,512,SGD,0.01,False,True,True,False,False,0.0001,0.01,0.1,0.0,1.0,2.0,0.9,1000.0,1e-05,False,0.0,20.0,False,5.0,0.5
ordinal,pca,selectp,none,,none,,,92,,,,,,relu,none,off,32,none,none,0.1,glorot_uniform,none,0.0001,none,1.0,False,0.2,5,9,512,512,SGD,0.01,False,True,True,False,False,0.0001,0.01,0.1,0.0,1.0,2.0,0.9,1000.0,1e-05,False,0.0,20.0,False,5.0,0.5
ordinal,agglomerator,none,minmax,,none,,0.1953654935218,,,,,,,relu,none,off,32,none,none,0.1,glorot_uniform,none,0.0001,none,1.0,False,0.2,5,9,512,512,SGD,0.01,False,True,True,False,False,0.0001,0.01,0.1,0.0,1.0,2.0,0.9,1000.0,1e-05,False,0.0,20.0,False,5.0,0.5
onehot,fastica,selectp,std,,none,,0.6721763653663,83,False,,,,,relu,none,off,32,none,none,0.1,glorot_uniform,none,0.0001,none,1.0,False,0.2,5,9,512,512,SGD,0.01,False,True,True,False,False,0.0001,0.01,0.1,0.0,1.0,2.0,0.9,1000.0,1e-05,False,0.0,20.0,False,5.0,0.5
none,none,selectp,none,,poly,,,11,,,,,2,relu,none,off,32,none,none,0.1,glorot_uniform,none,0.0001,none,1.0,False,0.2,5,9,512,512,SGD,0.01,False,True,True,False,False,0.0001,0.01,0.1,0.0,1.0,2.0,0.9,1000.0,1e-05,False,0.0,20.0,False,5.0,0.5
onehot,none,selectp,std,,poly,,,13,False,,,,2,relu,none,off,32,none,none,0.1,glorot_uniform,none,0.0001,none,1.0,False,0.2,5,9,512,512,SGD,0.01,False,True,True,False,False,0.0001,0.01,0.1,0.0,1.0,2.0,0.9,1000.0,1e-05,False,0.0,20.0,False,5.0,0.5
onehot,ka_nystroem,none,none,327,none,rbf,,,,,,1.1043259e-06,,relu,none,off,32,none,none,0.1,glorot_uniform,none,0.0001,none,1.0,False,0.2,5,9,512,512,SGD,0.01,False,True,True,False,False,0.0001,0.01,0.1,0.0,1.0,2.0,0.9,1000.0,1e-05,False,0.0,20.0,False,5.0,0.5
ordinal,lda,none,minmax,,none,,0.7080691340806,,,,,,,relu,none,off,32,none,none,0.1,glorot_uniform,none,0.0001,none,1.0,False,0.2,5,9,512,512,SGD,0.01,False,True,True,False,False,0.0001,0.01,0.1,0.0,1.0,2.0,0.9,1000.0,1e-05,False,0.0,20.0,False,5.0,0.5
onehot,ka_rbf,selectp,none,741,none,,,7,,,,9.605237223153,,relu,none,off,32,none,none,0.1,glorot_uniform,none,0.0001,none,1.0,False,0.2,5,9,512,512,SGD,0.01,False,True,True,False,False,0.0001,0.01,0.1,0.0,1.0,2.0,0.9,1000.0,1e-05,False,0.0,20.0,False,5.0,0.5
ordinal,none,selectp,none,,poly,,,98,,,,,2,relu,none,off,32,none,none,0.1,glorot_uniform,none,0.0001,none,1.0,False,0.2,5,9,512,512,SGD,0.01,False,True,True,False,False,0.0001,0.01,0.1,0.0,1.0,2.0,0.9,1000.0,1e-05,False,0.0,20.0,False,5.0,0.5
onehot,ka_nystroem,selectp,none,726,none,cosine,,88,,,,,,relu,none,off,32,none,none,0.1,glorot_uniform,none,0.0001,none,1.0,False,0.2,5,9,512,512,SGD,0.01,False,True,True,False,False,0.0001,0.01,0.1,0.0,1.0,2.0,0.9,1000.0,1e-05,False,0.0,20.0,False,5.0,0.5
ordinal,none,none,none,,poly,,,,,,,,2,relu,none,off,32,none,none,0.1,glorot_uniform,none,0.0001,none,1.0,False,0.2,5,9,512,512,SGD,0.01,False,True,True,False,False,0.0001,0.01,0.1,0.0,1.0,2.0,0.9,1000.0,1e-05,False,0.0,20.0,False,5.0,0.5
onehot,kernel_pca,selectp,std,,none,sigmoid,0.5364775314785,62,True,85.3749404474805,3.0,0.0022670294756,,relu,none,off,32,none,none,0.1,glorot_uniform,none,0.0001,none,1.0,False,0.2,5,9,512,512,SGD,0.01,False,True,True,False,False,0.0001,0.01,0.1,0.0,1.0,2.0,0.9,1000.0,1e-05,False,0.0,20.0,False,5.0,0.5
ordinal,fastica,none,none,,none,,0.6561864599318,,,,,,,relu,none,off,32,none,none,0.1,glorot_uniform,none,0.0001,none,1.0,False,0.2,5,9,512,512,SGD,0.01,False,True,True,False,False,0.0001,0.01,0.1,0.0,1.0,2.0,0.9,1000.0,1e-05,False,0.0,20.0,False,5.0,0.5
none,lda,none,minmax,,none,,0.8333875829665,,,,,,,relu,none,off,32,none,none,0.1,glorot_uniform,none,0.0001,none,1.0,False,0.2,5,9,512,512,SGD,0.01,False,True,True,False,False,0.0001,0.01,0.1,0.0,1.0,2.0,0.9,1000.0,1e-05,False,0.0,20.0,False,5.0,0.5
onehot,kernel_pca,selectp,std,,none,rbf,0.170922908616,43,True,,,7.5475205940442,,relu,none,off,32,none,none,0.1,glorot_uniform,none,0.0001,none,1.0,False,0.2,5,9,512,512,SGD,0.01,False,True,True,False,False,0.0001,0.01,0.1,0.0,1.0,2.0,0.9,1000.0,1e-05,False,0.0,20.0,False,5.0,0.5
onehot,fastica,selectp,std,,poly,,0.8975780564371,89,False,,,,2,relu,none,off,32,none,none,0.1,glorot_uniform,none,0.0001,none,1.0,False,0.2,5,9,512,512,SGD,0.01,False,True,True,False,False,0.0001,0.01,0.1,0.0,1.0,2.0,0.9,1000.0,1e-05,False,0.0,20.0,False,5.0,0.5
ordinal,lda,none,none,,poly,,0.0193820552239,,,,,,2,relu,none,off,32,none,none,0.1,glorot_uniform,none,0.0001,none,1.0,False,0.2,5,9,512,512,SGD,0.01,False,True,True,False,False,0.0001,0.01,0.1,0.0,1.0,2.0,0.9,1000.0,1e-05,False,0.0,20.0,False,5.0,0.5
onehot,ka_rbf,none,minmax,796,none,,,,,,,0.005485937978,,relu,none,off,32,none,none,0.1,glorot_uniform,none,0.0001,none,1.0,False,0.2,5,9,512,512,SGD,0.01,False,True,True,False,False,0.0001,0.01,0.1,0.0,1.0,2.0,0.9,1000.0,1e-05,False,0.0,20.0,False,5.0,0.5
none,fastica,selectp,minmax,,none,,0.4172932452924,88,,,,,,relu,none,off,32,none,none,0.1,glorot_uniform,none,0.0001,none,1.0,False,0.2,5,9,512,512,SGD,0.01,False,True,True,False,False,0.0001,0.01,0.1,0.0,1.0,2.0,0.9,1000.0,1e-05,False,0.0,20.0,False,5.0,0.5
ordinal,ka_nystroem,selectp,std,726,none,cosine,,76,False,,,,,relu,none,off,32,none,none,0.1,glorot_uniform,none,0.0001,none,1.0,False,0.2,5,9,512,512,SGD,0.01,False,True,True,False,False,0.0001,0.01,0.1,0.0,1.0,2.0,0.9,1000.0,1e-05,False,0.0,20.0,False,5.0,0.5
none,lda,selectp,none,,none,,0.238468011239,5,,,,,,relu,none,off,32,none,none,0.1,glorot_uniform,none,0.0001,none,1.0,False,0.2,5,9,512,512,SGD,0.01,False,True,True,False,False,0.0001,0.01,0.1,0.0,1.0,2.0,0.9,1000.0,1e-05,False,0.0,20.0,False,5.0,0.5
ordinal,ka_nystroem,none,std,575,none,sigmoid,,,False,45.7731644751929,4.0,5.6749331e-06,,relu,none,off,32,none,none,0.1,glorot_uniform,none,0.0001,none,1.0,False,0.2,5,9,512,512,SGD,0.01,False,True,True,False,False,0.0001,0.01,0.1,0.0,1.0,2.0,0.9,1000.0,1e-05,False,0.0,20.0,False,5.0,0.5
ordinal,lda,selectp,minmax,,none,,0.0321409206817,71,,,,,,relu,none,off,32,none,none,0.1,glorot_uniform,none,0.0001,none,1.0,False,0.2,5,9,512,512,SGD,0.01,False,True,True,False,False,0.0001,0.01,0.1,0.0,1.0,2.0,0.9,1000.0,1e-05,False,0.0,20.0,False,5.0,0.5
ordinal,ka_rbf,none,none,212,none,,,,,,,20789.862800169107,,relu,none,off,32,none,none,0.1,glorot_uniform,none,0.0001,none,1.0,False,0.2,5,9,512,512,SGD,0.01,False,True,True,False,False,0.0001,0.01,0.1,0.0,1.0,2.0,0.9,1000.0,1e-05,False,0.0,20.0,False,5.0,0.5
none,pca,selectp,none,,none,,,75,,,,,,relu,none,off,32,none,none,0.1,glorot_uniform,none,0.0001,none,1.0,False,0.2,5,9,512,512,SGD,0.01,False,True,True,False,False,0.0001,0.01,0.1,0.0,1.0,2.0,0.9,1000.0,1e-05,False,0.0,20.0,False,5.0,0.5
onehot,ka_rbf,none,none,732,none,,,,,,,0.0001349226453,,relu,none,off,32,none,none,0.1,glorot_uniform,none,0.0001,none,1.0,False,0.2,5,9,512,512,SGD,0.01,False,True,True,False,False,0.0001,0.01,0.1,0.0,1.0,2.0,0.9,1000.0,1e-05,False,0.0,20.0,False,5.0,0.5
none,ka_rbf,selectp,std,254,none,,,59,False,,,0.0830283903379,,relu,none,off,32,none,none,0.1,glorot_uniform,none,0.0001,none,1.0,False,0.2,5,9,512,512,SGD,0.01,False,True,True,False,False,0.0001,0.01,0.1,0.0,1.0,2.0,0.9,1000.0,1e-05,False,0.0,20.0,False,5.0,0.5
onehot,agglomerator,selectp,std,,none,,0.8062522558357,86,True,,,,,relu,none,off,32,none,none,0.1,glorot_uniform,none,0.0001,none,1.0,False,0.2,5,9,512,512,SGD,0.01,False,True,True,False,False,0.0001,0.01,0.1,0.0,1.0,2.0,0.9,1000.0,1e-05,False,0.0,20.0,False,5.0,0.5
none,ka_nystroem,selectp,std,938,none,poly,,74,True,53.3334055329222,5.0,454124.40443541785,,relu,none,off,32,none,none,0.1,glorot_uniform,none,0.0001,none,1.0,False,0.2,5,9,512,512,SGD,0.01,False,True,True,False,False,0.0001,0.01,0.1,0.0,1.0,2.0,0.9,1000.0,1e-05,False,0.0,20.0,False,5.0,0.5
ordinal,kernel_pca,selectp,std,,none,sigmoid,0.3617268476047,39,False,66.6189009795243,2.0,0.0387036060113,,relu,none,off,32,none,none,0.1,glorot_uniform,none,0.0001,none,1.0,False,0.2,5,9,512,512,SGD,0.01,False,True,True,False,False,0.0001,0.01,0.1,0.0,1.0,2.0,0.9,1000.0,1e-05,False,0.0,20.0,False,5.0,0.5
none,ka_rbf,selectp,minmax,332,none,,,74,,,,0.0003275245231,,relu,none,off,32,none,none,0.1,glorot_uniform,none,0.0001,none,1.0,False,0.2,5,9,512,512,SGD,0.01,False,True,True,False,False,0.0001,0.01,0.1,0.0,1.0,2.0,0.9,1000.0,1e-05,False,0.0,20.0,False,5.0,0.5
onehot,fastica,none,minmax,,none,,0.089014269168,,,,,,,relu,none,off,32,none,none,0.1,glorot_uniform,none,0.0001,none,1.0,False,0.2,5,9,512,512,SGD,0.01,False,True,True,False,False,0.0001,0.01,0.1,0.0,1.0,2.0,0.9,1000.0,1e-05,False,0.0,20.0,False,5.0,0.5
ordinal,ka_rbf,none,none,337,none,,,,,,,1.418193086009,,relu,none,off,32,none,none,0.1,glorot_uniform,none,0.0001,none,1.0,False,0.2,5,9,512,512,SGD,0.01,False,True,True,False,False,0.0001,0.01,0.1,0.0,1.0,2.0,0.9,1000.0,1e-05,False,0.0,20.0,False,5.0,0.5
ordinal,fastica,none,minmax,,poly,,0.5795223289448,,,,,,2,relu,none,off,32,none,none,0.1,glorot_uniform,none,0.0001,none,1.0,False,0.2,5,9,512,512,SGD,0.01,False,True,True,False,False,0.0001,0.01,0.1,0.0,1.0,2.0,0.9,1000.0,1e-05,False,0.0,20.0,False,5.0,0.5
ordinal,agglomerator,selectp,std,,none,,0.2701491287832,48,True,,,,,relu,none,off,32,none,none,0.1,glorot_uniform,none,0.0001,none,1.0,False,0.2,5,9,512,512,SGD,0.01,False,True,True,False,False,0.0001,0.01,0.1,0.0,1.0,2.0,0.9,1000.0,1e-05,False,0.0,20.0,False,5.0,0.5
ordinal,pca,none,none,,none,,,,,,,,,relu,none,off,32,none,none,0.1,glorot_uniform,none,0.0001,none,1.0,False,0.2,5,9,512,512,SGD,0.01,False,True,True,False,False,0.0001,0.01,0.1,0.0,1.0,2.0,0.9,1000.0,1e-05,False,0.0,20.0,False,5.0,0.5
none,lda,selectp,minmax,,none,,0.6567905199578,61,,,,,,relu,none,off,32,none,none,0.1,glorot_uniform,none,0.0001,none,1.0,False,0.2,5,9,512,512,SGD,0.01,False,True,True,False,False,0.0001,0.01,0.1,0.0,1.0,2.0,0.9,1000.0,1e-05,False,0.0,20.0,False,5.0,0.5
ordinal,kernel_pca,selectp,none,,none,sigmoid,0.5816672792615,47,,25.3754629282239,3.0,7.2880867e-06,,relu,none,off,32,none,none,0.1,glorot_uniform,none,0.0001,none,1.0,False,0.2,5,9,512,512,SGD,0.01,False,True,True,False,False,0.0001,0.01,0.1,0.0,1.0,2.0,0.9,1000.0,1e-05,False,0.0,20.0,False,5.0,0.5
none,ka_rbf,none,std,542,none,,,,False,,,163036.40930808114,,relu,none,off,32,none,none,0.1,glorot_uniform,none,0.0001,none,1.0,False,0.2,5,9,512,512,SGD,0.01,False,True,True,False,False,0.0001,0.01,0.1,0.0,1.0,2.0,0.9,1000.0,1e-05,False,0.0,20.0,False,5.0,0.5
ordinal,none,none,none,1,none,cosine,0.1,100,True,0.0,2.0,1.0,2,elu,L1L2,before_activation,1,L2,mixup,0.4471076642563,variance_scaling,L2,3.6828618753466,PolynomialDecay,1.2755101181855,True,0.5355309096651,4,3,243,41,RMSprop,0.2479367890394,True,False,True,False,True,0.0002765300187,0.0372729898228,,,,,,566.0,0.0002879591538,False,,,,73.0,
ordinal,none,none,none,1,none,cosine,0.1,100,True,0.0,2.0,1.0,2,relu,L2,after_activation,68,L1,mixup,0.6387644628403,he_normal,none,0.0097660008325,ReduceLROnPlateau,2.9794302834456,True,0.7127898988273,7,18,33,166,AdamW,0.2468459205072,False,False,True,True,False,0.000944103783,0.0012905539213,,,,,0.957741037195,650.0,,True,1.0,93.0,True,,0.5752657098178
ordinal,none,none,none,1,none,cosine,0.1,100,True,0.0,2.0,1.0,2,tanh,none,before_activation,2,L1L2,none,0.2162431392529,random_uniform,none,1.80935741e-05,PolynomialDecay,2.0738011010392,True,0.4509392518208,7,5,220,178,Adagrad,0.4726550800261,True,True,False,True,True,,,,,,,,87564.0,0.000171780086,,5.0,25.0,False,86.0,
ordinal,none,none,none,1,none,cosine,0.1,100,True,0.0,2.0,1.0,2,sigmoid,L1L2,off,1,none,cutmix,0.2402202872298,variance_scaling,none,0.0015398822069,ReduceLROnPlateau,0.9778891974745,True,0.4854637453682,8,9,772,9,RMSprop,0.9436025391802,True,False,False,True,True,0.0003362325531,0.0598836302087,,,,,0.8293049894457,55.0,,,0.0,35.0,True,31.0,
ordinal,none,none,none,1,none,cosine,0.1,100,True,0.0,2.0,1.0,2,relu,L1L2,off,105,none,cutmix,0.0703005540835,variance_scaling,L1L2,1.51936788e-05,CosineDecayRestarts,1.7387383585026,True,0.3735251072929,8,8,358,4,Adagrad,0.6258865252975,True,True,False,True,True,,,,0.3908538678926,1.6232893769606,1.2516306986952,,45308.0,,,0.0,32.0,True,83.0,
ordinal,none,none,none,1,none,cosine,0.1,100,True,0.0,2.0,1.0,2,sigmoid,none,off,1,L1,none,0.1021873356514,glorot_uniform,none,2.3858307310241,CosineDecay,0.5571262193863,True,0.6853004739896,3,3,170,74,Adagrad,0.8325296574224,True,True,True,True,True,,,,0.6294862004857,,,,1.0,,True,0.0,42.0,True,58.0,0.2308541690596
ordinal,none,none,none,1,none,cosine,0.1,100,True,0.0,2.0,1.0,2,elu,L2,off,157,L1,mixup,0.3764389997264,random_normal,none,1.50880383e-05,PolynomialDecay,2.3122378554,False,0.2723989672305,10,3,1881,12,RMSprop,0.8671034216438,True,True,False,True,False,0.0064093815717,0.0001559502939,,,,,,880.0,2.8703133e-06,,0.0,38.0,True,,
ordinal,none,none,none,1,none,cosine,0.1,100,True,0.0,2.0,1.0,2,sigmoid,L1L2,before_activation,479,L2,mixup,0.4837664288508,he_normal,none,0.0187886574568,InverseTimeDecay,1.2386596969749,False,0.3026532306153,3,2,7,24,Adam,0.1344493926333,False,True,False,True,True,3.50059305e-05,0.0003139697231,,,,,0.9553094105378,82.0,,,1.0,93.0,False,93.0,
ordinal,none,none,none,1,none,cosine,0.1,100,True,0.0,2.0,1.0,2,gelu,L2,off,12,none,mixup,0.8098070732547,orthogonal,L1L2,0.0111107080994,InverseTimeDecay,0.7559851066649,True,0.7999739676546,7,12,68,1,Nadam,0.5788085311722,False,False,True,False,True,3.35090306e-05,0.000191404231,,,,,0.8715614654514,70620.0,,False,,,,32.0,
ordinal,none,none,none,1,none,cosine,0.1,100,True,0.0,2.0,1.0,2,tanh,none,after_activation,56,L1,cutmix,0.6345527433512,random_uniform,L1L2,0.0230171339522,PolynomialDecay,0.7385379500445,False,0.6093294515777,5,13,538,290,AdamW,0.986940777131,False,False,True,True,False,0.0002023954922,0.0054814042253,,,,,,261.0,7.5871388e-06,False,0.0,85.0,True,,
ordinal,none,none,none,1,none,cosine,0.1,100,True,0.0,2.0,1.0,2,sigmoid,L1,off,331,none,cutout,0.8918208016053,he_uniform,none,2.572176e-06,PolynomialDecay,0.3411179364996,False,0.528831443946,4,3,6,1,Adagrad,0.0956452664498,True,False,True,True,False,,,0.7836869956935,,,,,2.0,0.0008727478707,True,1.0,55.0,True,,0.224992210495
ordinal,none,none,none,1,none,cosine,0.1,100,True,0.0,2.0,1.0,2,relu,L1,off,305,none,none,0.5342201055607,variance_scaling,none,0.0001059879039,ReduceLROnPlateau,2.4002766837942,False,0.677064767095,2,15,5,453,RMSprop,0.4435464415583,False,False,False,False,True,0.0079706070375,0.0110310785536,,,,,0.8649981242457,17795.0,,,,,,42.0,
ordinal,none,none,none,1,none,cosine,0.1,100,True,0.0,2.0,1.0,2,sigmoid,L2,after_activation,7,none,cutmix,0.8450246410065,variance_scaling,L2,0.0002990173677,ReduceLROnPlateau,2.267489664375,True,0.7981294728029,2,18,296,5,Adamax,0.7648533177619,True,False,False,False,True,9.00628039e-05,0.0761062585196,,,,,0.8570446955844,1.0,,,,,,29.0,
ordinal,none,none,none,1,none,cosine,0.1,100,True,0.0,2.0,1.0,2,selu,L2,off,1,L1,cutout,0.7694609096607,orthogonal,none,2.8981924814774,ReduceLROnPlateau,1.6095699097489,False,0.3145245685105,5,20,660,3,Nadam,0.9895770615283,False,False,True,True,True,0.0039411058588,0.0149415754986,0.4899696315047,,,,0.8389441515807,101.0,,False,1.0,31.0,False,69.0,
ordinal,none,none,none,1,none,cosine,0.1,100,True,0.0,2.0,1.0,2,sigmoid,L1,off,6,L1L2,none,0.024909144043,he_normal,L1,0.0182033473555,none,1.1261048409406,False,0.6748358232547,2,11,1592,147,Nadam,0.1197161046812,True,True,False,True,False,0.0069137127179,0.0548138081825,,,,,,,,,1.0,59.0,True,,
ordinal,none,none,none,1,none,cosine,0.1,100,True,0.0,2.0,1.0,2,softsign,L2,after_activation,3,L2,cutmix,0.7165740644724,variance_scaling,L1L2,0.4515978460903,CosineDecayRestarts,1.3573514623716,True,0.4052972495523,3,13,41,3570,Adamax,0.4044393011193,True,True,False,False,False,0.0017769445169,0.0002907687614,,0.9000573049353,0.6281364394567,2.0707159956085,,28213.0,,,,,,,
ordinal,none,none,none,1,none,cosine,0.1,100,True,0.0,2.0,1.0,2,softmax,L1,off,9,L1L2,none,0.2009119138371,random_uniform,L2,0.0029659634568,ReduceLROnPlateau,2.6870389282394,False,0.6387396109912,7,15,386,33,Ftrl,0.7529605618078,False,True,True,False,False,,,,,,,0.9155395061702,75.0,,True,,,,,0.7880287058868
ordinal,none,none,none,1,none,cosine,0.1,100,True,0.0,2.0,1.0,2,tanh,L1L2,before_activation,5,none,cutout,0.8534705809363,he_uniform,L1,0.0006041415454,ReduceLROnPlateau,0.6275093850018,False,0.6245958365227,8,8,4,1381,Adamax,0.5940799394456,False,True,False,False,True,1.27762421e-05,0.1075737918171,0.0044645953896,,,,0.8448464222608,4.0,,,,,,23.0,
ordinal,none,none,none,1,none,cosine,0.1,100,True,0.0,2.0,1.0,2,softplus,none,before_activation,192,L1,cutout,0.1077111685917,random_normal,none,0.0024276922123,none,0.3798247983408,False,0.7989980256788,3,17,13,1,SGD,0.8786530666617,True,True,False,True,False,,0.0014821453466,0.1332233881349,,,,,,,,0.0,62.0,False,,
ordinal,none,none,none,1,none,cosine,0.1,100,True,0.0,2.0,1.0,2,tanh,L1L2,off,26,none,none,0.1849263282257,he_normal,L2,0.3237031080656,PolynomialDecay,0.8824560142162,True,0.2671232311019,6,15,192,68,RMSprop,0.1021466907514,True,False,False,False,True,0.1433487333248,0.0005203786116,,,,,,1.0,0.0006262595355,,,,,90.0,
ordinal,none,none,none,1,none,cosine,0.1,100,True,0.0,2.0,1.0,2,gelu,none,before_activation,2,L2,none,0.2730285728344,he_normal,L2,4.3355953e-06,ExponentialDecay,1.7058512099473,False,0.2012752368899,8,4,3,290,SGD,0.54251256133,True,False,True,False,False,,0.1025103942552,,,,,0.9668736677267,173295.0,,True,,,,,0.8466903843889
ordinal,none,none,none,1,none,cosine,0.1,100,True,0.0,2.0,1.0,2,gelu,L2,after_activation,11,none,cutmix,0.0027824601216,glorot_normal,L1L2,4.7396652051289,none,0.3207438791263,True,0.6486706787667,6,15,2833,22,Ftrl,0.6091939126033,True,True,True,False,False,,,,,,,,,,True,,,,,0.3250679167362
ordinal,none,none,none,1,none,cosine,0.1,100,True,0.0,2.0,1.0,2,relu,L1,before_activation,63,L2,cutmix,0.0123143142305,glorot_uniform,L1,0.0167840718434,ReduceLROnPlateau,0.5815147821873,False,0.5412661509793,3,11,2,2,Nadam,0.8142645395964,True,False,False,False,True,0.0002115875412,0.012743734982,,,,,0.8904136420464,5.0,,,,,,99.0,
ordinal,none,none,none,1,none,cosine,0.1,100,True,0.0,2.0,1.0,2,sigmoid,L2,off,247,L1,cutout,0.5744859479433,he_uniform,L2,2.01166544e-05,none,2.1842327510401,True,0.614524476777,2,18,639,1,Adagrad,0.8456225589347,False,False,True,True,False,,,0.1209271179721,,,,,,,True,1.0,91.0,False,,0.2004963058214
ordinal,none,none,none,1,none,cosine,0.1,100,True,0.0,2.0,1.0,2,elu,L2,off,17,L1,cutmix,0.0502956855875,he_normal,L1L2,2.024617e-06,CosineDecayRestarts,1.5097697142291,True,0.6521150208958,3,5,14,24,RMSprop,0.4741650601753,True,True,False,False,True,0.0031051174672,0.0187232840995,,0.0544901621404,1.4080067168443,0.2295429609188,,7.0,,,,,,42.0,
ordinal,none,none,none,1,none,cosine,0.1,100,True,0.0,2.0,1.0,2,selu,L1L2,before_activation,1,L1,mixup,0.3649948236321,orthogonal,none,9.47895644e-05,InverseTimeDecay,1.2055884754345,False,0.6051638008601,2,12,2,620,Adagrad,0.8249830974553,False,False,False,False,True,,,,,,,0.8028007944367,6378.0,,,,,,31.0,
ordinal,none,none,none,1,none,cosine,0.1,100,True,0.0,2.0,1.0,2,softsign,none,before_activation,3,L1,mixup,0.48940014846,truncated_normal,L1,0.0069750973381,InverseTimeDecay,2.3178074551418,False,0.386882225856,7,11,27,1,Adagrad,0.1574636776995,False,False,True,False,True,,,,,,,0.9236818319926,4457.0,,True,,,,57.0,0.2703006087944
ordinal,none,none,none,1,none,cosine,0.1,100,True,0.0,2.0,1.0,2,softmax,L1,off,10,L1L2,cutmix,0.3964127847307,orthogonal,L1,1.71181031e-05,PolynomialDecay,0.5000682721857,False,0.7706535427614,3,12,2657,2,SGD,0.352908746604,True,False,False,False,True,,0.0191600316245,,,,,,673343.0,7.1355413e-06,,,,,1.0,
ordinal,none,none,none,1,none,cosine,0.1,100,True,0.0,2.0,1.0,2,softsign,L1,before_activation,44,L1L2,cutmix,0.0282683295212,variance_scaling,L1L2,0.0038303293819,PolynomialDecay,2.211705426402,True,0.5865451614629,4,20,3,267,Adadelta,0.191544681045,True,True,True,True,True,0.0004839517046,,,,,,,95905.0,5.00864877e-05,False,4.0,25.0,True,30.0,
ordinal,none,none,none,1,none,cosine,0.1,100,True,0.0,2.0,1.0,2,relu,L2,before_activation,11,none,none,0.4628143271501,glorot_uniform,L1,0.6119762859674,ReduceLROnPlateau,2.121632823927,False,0.7079751002936,8,20,4,2,Adadelta,0.2311479709073,True,True,True,True,False,0.0001544568143,,,,,,0.8774120051208,296.0,,False,1.0,37.0,True,,
ordinal,none,none,none,1,none,cosine,0.1,100,True,0.0,2.0,1.0,2,none,none,before_activation,13,none,none,0.4985196302157,glorot_normal,L1L2,0.0001395927785,CosineDecayRestarts,1.1208584439019,True,0.7427511727238,7,4,200,367,Adamax,0.1087432592596,False,True,True,True,False,0.0939341843721,0.0009266096421,,0.0690099502589,1.2663913003449,1.1669509028908,,692665.0,,True,3.0,56.0,True,,0.7126795690763
ordinal,none,none,none,1,none,cosine,0.1,100,True,0.0,2.0,1.0,2,gelu,L2,after_activation,12,L1,mixup,0.4713656294604,he_normal,L2,1.4443759e-06,CosineDecay,2.2244771608247,True,0.3185799538276,4,5,94,2,Ftrl,0.4182707988669,False,True,True,True,False,,,,0.3795586839792,,,,5.0,,True,5.0,53.0,True,,0.6679651812696
ordinal,none,none,none,1,none,cosine,0.1,100,True,0.0,2.0,1.0,2,relu,none,before_activation,1,none,cutout,0.780777992648,glorot_normal,L2,0.0049883168962,CosineDecay,2.7378967014396,False,0.4386387161779,10,10,1,4,SGD,0.1357918163858,False,False,False,False,True,,0.0007762401927,0.6198830019346,0.9083336577668,,,,199.0,,,,,,43.0,
ordinal,none,none,none,1,none,cosine,0.1,100,True,0.0,2.0,1.0,2,gelu,none,off,235,none,none,0.7003645620116,orthogonal,L2,0.2878139417868,none,2.4706412960401,False,0.236581374265,9,18,3,53,AdamW,0.4416610422277,True,True,False,True,False,6.362628e-05,0.0002429308457,,,,,,,,,5.0,26.0,True,,
ordinal,none,none,none,1,none,cosine,0.1,100,True,0.0,2.0,1.0,2,gelu,none,after_activation,61,L2,cutout,0.3533479325593,random_uniform,none,0.8910895003997,InverseTimeDecay,1.6981743251446,False,0.2886926854399,8,13,2124,58,AdamW,0.3892822706705,True,True,False,False,False,0.1292249009404,0.0043545720094,0.3242712246072,,,,0.9791128302622,1164.0,,,,,,,
ordinal,none,none,none,1,none,cosine,0.1,100,True,0.0,2.0,1.0,2,softplus,none,before_activation,8,L1L2,none,0.3958869385195,he_uniform,L1,0.0208096648519,CosineDecayRestarts,0.6576028555813,False,0.5524797442864,6,8,1,9,AdamW,0.3192989570662,True,False,True,True,True,0.0184058913608,0.0219060176662,,0.0464458762895,1.4352887659327,0.9128183758089,,5.0,,True,2.0,30.0,True,28.0,0.2026742495898
ordinal,none,none,none,1,none,cosine,0.1,100,True,0.0,2.0,1.0,2,softplus,L1L2,before_activation,42,none,cutout,0.3755229100313,glorot_normal,L1,0.0001776746952,ExponentialDecay,2.7093159304017,False,0.5102799225775,6,14,61,24,AdamW,0.3840648207216,True,False,True,True,False,0.0007508485105,0.0002522003803,0.3647757625039,,,,0.8889993215549,6.0,,True,4.0,80.0,False,,0.6493137659216
ordinal,none,none,none,1,none,cosine,0.1,100,True,0.0,2.0,1.0,2,gelu,L1,after_activation,26,L2,none,0.3445204673718,variance_scaling,L2,0.131415101513,PolynomialDecay,1.622238814457,True,0.4625140652315,8,18,1089,103,RMSprop,0.6718942991853,True,True,False,True,True,0.0028689406593,0.0041886092177,,,,,,9.0,0.000270503785,,2.0,80.0,False,44.0,
ordinal,none,none,none,1,none,cosine,0.1,100,True,0.0,2.0,1.0,2,gelu,L1L2,off,10,L2,mixup,0.6997508212973,variance_scaling,L1L2,8.8066313449422,CosineDecay,1.4012693289776,False,0.6301774338019,7,14,484,13,Adagrad,0.1189727984996,True,False,False,False,False,,,,0.0441163429918,,,,15241.0,,,,,,,
ordinal,none,none,none,1,none,cosine,0.1,100,True,0.0,2.0,1.0,2,softplus,L1L2,before_activation,2,none,mixup,0.8032381077313,he_normal,L2,0.0047591879799,CosineDecayRestarts,1.7789335821373,True,0.3595439323428,3,2,5,17,AdamW,0.583807348573,False,True,False,False,True,1.26148744e-05,0.0018809884279,,0.3780234399351,1.3817778476849,0.9734130904956,,101.0,,,,,,64.0,
ordinal,none,none,none,1,none,cosine,0.1,100,True,0.0,2.0,1.0,2,sigmoid,L2,off,124,L1L2,mixup,0.8436673504469,he_uniform,none,2.2923217e-06,ExponentialDecay,0.8765785893564,True,0.4486682584521,7,12,5,78,Adam,0.1427805948732,True,True,False,False,False,0.0001796046437,0.0606975140579,,,,,0.8353323935921,12.0,,,,,,,
ordinal,none,none,none,1,none,cosine,0.1,100,True,0.0,2.0,1.0,2,softplus,L2,before_activation,1,L1,cutout,0.4317573313287,glorot_uniform,none,1.4337148274283,CosineDecay,1.2077161260616,False,0.7629297624264,7,10,803,825,Adam,0.3424786792493,False,True,True,False,False,0.0007391504001,0.0006123091651,0.5490495441778,0.3587566106988,,,,327587.0,,False,,,,,
ordinal,none,none,none,1,none,cosine,0.1,100,True,0.0,2.0,1.0,2,softplus,L1,off,3,none,mixup,0.3009959558014,he_uniform,L2,0.0023411427495,PolynomialDecay,2.2858649662187,False,0.5402542018131,2,12,11,249,Nadam,0.6651192004727,True,False,True,False,True,0.000439617439,0.0005569333973,,,,,,10223.0,0.0007289821423,True,,,,8.0,0.3585210658571
ordinal,none,none,none,1,none,cosine,0.1,100,True,0.0,2.0,1.0,2,relu,L1,before_activation,1,L2,cutmix,0.8017514088382,random_normal,none,2.0439961e-06,CosineDecay,1.8213808315811,True,0.6088600994488,8,8,10,3,RMSprop,0.5507715925945,True,False,False,True,False,0.0257354800649,0.0028405500825,,0.0638040853159,,,,2.0,,,0.0,25.0,False,,
ordinal,none,none,none,1,none,cosine,0.1,100,True,0.0,2.0,1.0,2,softplus,none,off,5,none,cutmix,0.745552886528,random_uniform,none,0.4295204407735,CosineDecay,2.3581529090503,True,0.6472983011742,6,16,1134,5,Adam,0.2000657399763,False,False,False,True,True,0.0003911498747,0.0166498164205,,0.5802441956439,,,,183500.0,,,0.0,63.0,False,81.0,
ordinal,none,none,none,1,none,cosine,0.1,100,True,0.0,2.0,1.0,2,softmax,L1,off,111,L2,mixup,0.377961402499,truncated_normal,none,0.0007822914458,CosineDecayRestarts,2.3573044255133,True,0.4680286061475,4,6,7,2,Adadelta,0.3550251143644,False,False,False,True,False,0.0840121365218,,,0.3478529925811,1.6953245507448,0.320783240216,,639221.0,,,5.0,90.0,True,,
ordinal,none,none,none,1,none,cosine,0.1,100,True,0.0,2.0,1.0,2,none,L1,off,370,none,mixup,0.1935170622335,glorot_normal,L2,0.0129536600258,InverseTimeDecay,2.3346643759256,True,0.4584856723497,9,7,9,640,SGD,0.1482711387068,True,False,True,True,False,,0.1231559040365,,,,,0.8473556929123,506.0,,True,2.0,83.0,True,,0.5077633284034
ordinal,none,none,none,1,none,cosine,0.1,100,True,0.0,2.0,1.0,2,relu,none,after_activation,266,none,mixup,0.4005996108857,truncated_normal,L2,1.39212266e-05,none,0.6893092703617,True,0.4821226023583,6,10,297,765,Adagrad,0.7094458290882,False,True,False,False,True,,,,,,,,,,,,,,7.0,
ordinal,none,none,none,1,none,cosine,0.1,100,True,0.0,2.0,1.0,2,sigmoid,L2,after_activation,28,L2,mixup,0.7720446719481,orthogonal,L2,0.0016099234934,ExponentialDecay,2.0555439181017,False,0.7172118197631,9,10,109,198,Adamax,0.910027064765,True,False,False,True,False,0.0468497717743,0.005707062775,,,,,0.9870982954264,744928.0,,,3.0,83.0,False,,
ordinal,none,none,none,1,none,cosine,0.1,100,True,0.0,2.0,1.0,2,selu,none,off,22,L1,cutmix,0.8413695202582,variance_scaling,L1,4.83144128e-05,ReduceLROnPlateau,1.5964857976846,False,0.4181693693725,3,2,4,26,Adadelta,0.170796112498,True,False,True,False,False,1.25650712e-05,,,,,,0.9346427304474,88.0,,False,,,,,
ordinal,none,none,none,1,none,cosine,0.1,100,True,0.0,2.0,1.0,2,relu,L1,before_activation,472,L1,none,0.5572650484854,he_uniform,L1L2,0.000121327839,InverseTimeDecay,0.467645571277,False,0.7311692381738,2,13,3,872,Adamax,0.6144177636681,True,False,True,True,True,0.0937395130766,0.0002396945721,,,,,0.914323993457,344415.0,,True,0.0,60.0,True,96.0,0.6583336927049
ordinal,none,none,none,1,none,cosine,0.1,100,True,0.0,2.0,1.0,2,gelu,L1L2,before_activation,23,none,none,0.846926442008,truncated_normal,L2,1.8570221e-06,CosineDecayRestarts,2.554645212782,False,0.2245500994417,8,2,50,202,Adamax,0.4831670757617,False,False,False,False,True,0.0016758641673,0.0003736529606,,0.592377807719,1.2399480381408,2.2455893365239,,720183.0,,,,,,51.0,
ordinal,none,none,none,1,none,cosine,0.1,100,True,0.0,2.0,1.0,2,sigmoid,L1L2,after_activation,109,L2,mixup,0.4684198431078,truncated_normal,L2,7.6409860550861,ExponentialDecay,0.8932309715611,True,0.3517010959253,3,8,184,14,Adamax,0.374100452866,True,True,False,True,False,0.0007838065398,0.1046706590132,,,,,0.869459443078,18481.0,,,3.0,53.0,False,,
ordinal,none,none,none,1,none,cosine,0.1,100,True,0.0,2.0,1.0,2,tanh,L1,before_activation,374,none,none,0.8557330882232,he_normal,L2,0.0012336640665,PolynomialDecay,0.33493874861,True,0.7384332907056,4,14,69,20,Adamax,0.5302557089956,True,False,False,False,True,3.71579107e-05,0.0037082333662,,,,,,6517.0,2.275176e-06,,,,,58.0,
ordinal,none,none,none,1,none,cosine,0.1,100,True,0.0,2.0,1.0,2,gelu,L2,before_activation,1,L1L2,mixup,0.6719719244894,random_normal,L1L2,2.1243147724315,CosineDecay,2.0372795934338,False,0.7596625926223,2,5,12,2,RMSprop,0.1209788487959,False,True,False,True,False,0.000102022432,0.0001211859358,,0.0983547238208,,,,140.0,,,5.0,49.0,True,,
ordinal,none,none,none,1,none,cosine,0.1,100,True,0.0,2.0,1.0,2,gelu,none,off,1,L2,mixup,0.6085687948779,truncated_normal,L1,0.0001708775219,none,0.7646843430329,True,0.3246049511586,9,4,1,6,Adam,0.5390988800505,False,False,True,True,True,0.0002076642244,0.0024337503845,,,,,,,,False,4.0,12.0,True,89.0,
ordinal,none,none,none,1,none,cosine,0.1,100,True,0.0,2.0,1.0,2,sigmoid,L2,before_activation,26,L2,cutout,0.4354188001019,random_uniform,none,0.0229758951209,PolynomialDecay,0.4666080166434,False,0.330295858205,8,12,300,322,Ftrl,0.6588955205729,True,True,False,False,True,,,0.4124337882967,,,,,274127.0,7.4905527e-06,,,,,43.0,
ordinal,none,none,none,1,none,cosine,0.1,100,True,0.0,2.0,1.0,2,none,L1,off,1,L1L2,none,0.4599508211471,variance_scaling,L2,0.0035031917176,none,2.8211815291703,False,0.6525475475564,5,4,1004,3,Adamax,0.9294286250046,False,True,False,False,False,1.66020569e-05,0.0376727769412,,,,,,,,,,,,,
ordinal,none,none,none,1,none,cosine,0.1,100,True,0.0,2.0,1.0,2,softsign,L2,off,58,L1L2,none,0.083261192776,variance_scaling,L1L2,7.2200014913341,PolynomialDecay,0.700892216735,False,0.4168792636525,5,10,318,6,AdamW,0.8742596644253,True,True,True,False,True,9.99516392e-05,0.0063970905439,,,,,,725119.0,2.4340287e-06,False,,,,81.0,
ordinal,none,none,none,1,none,cosine,0.1,100,True,0.0,2.0,1.0,2,softplus,L2,off,251,none,cutout,0.4515466591034,glorot_normal,L2,0.0001161636051,ExponentialDecay,1.704133195426,False,0.3233935271695,3,4,832,5,Nadam,0.1736956137229,False,True,False,True,True,0.0144226217126,0.0004264397608,0.9417790763683,,,,0.837505881604,14.0,,,0.0,54.0,True,50.0,
ordinal,none,none,none,1,none,cosine,0.1,100,True,0.0,2.0,1.0,2,softplus,none,off,313,L1L2,cutmix,0.0476916508333,variance_scaling,L2,2.4207947114538,ReduceLROnPlateau,1.2917080870734,True,0.3363412354437,3,7,1,6,SGD,0.0098307253678,True,True,False,True,False,,0.0018767012866,,,,,0.8417853252225,15519.0,,,5.0,66.0,False,,
ordinal,none,none,none,1,none,cosine,0.1,100,True,0.0,2.0,1.0,2,relu,L1,before_activation,1,none,cutout,0.3478248953187,glorot_normal,L2,5.5768640176106,CosineDecayRestarts,0.4207996141473,True,0.3825105549986,6,16,2,674,Adagrad,0.6239378013009,False,False,False,False,True,,,0.0506000510251,0.3296569798541,1.384890176257,0.6329543160997,,3.0,,,,,,26.0,
ordinal,none,none,none,1,none,cosine,0.1,100,True,0.0,2.0,1.0,2,softsign,L2,off,244,L1L2,mixup,0.8689240829779,truncated_normal,L1,0.3303088126867,PolynomialDecay,1.148755175657,True,0.6997927674681,4,18,1520,30,Adam,0.7054325596109,False,False,False,False,False,5.3653529e-05,0.018939586778,,,,,,2.0,0.0001117955621,,,,,,
ordinal,none,none,none,1,none,cosine,0.1,100,True,0.0,2.0,1.0,2,selu,none,before_activation,70,none,mixup,0.8517269860968,he_uniform,none,0.0009925703373,ExponentialDecay,1.2462700439698,False,0.4738265953088,3,7,142,18,Adagrad,0.8558909376816,True,True,False,True,True,,,,,,,0.8953777162736,17.0,,,2.0,71.0,True,47.0,
ordinal,none,none,none,1,none,cosine,0.1,100,True,0.0,2.0,1.0,2,none,L2,before_activation,102,L2,mixup,0.8320189017962,random_normal,L1L2,0.6906787826136,CosineDecayRestarts,1.6322817548423,True,0.2762531672478,4,7,3,2154,Nadam,0.4429061815211,False,True,True,False,False,0.0106161980826,0.0001274725077,,0.7519451047719,1.6382529643866,1.0610326638545,,8.0,,False,,,,,
ordinal,none,none,none,1,none,cosine,0.1,100,True,0.0,2.0,1.0,2,softsign,L1,before_activation,31,L2,cutmix,0.1391035613476,glorot_uniform,none,6.04956464e-05,CosineDecay,2.2081833511516,True,0.4229216466771,5,18,18,10,Adagrad,0.0567162264842,False,False,True,False,False,,,,0.757345919265,,,,46.0,,True,,,,,0.4683869519347
ordinal,none,none,none,1,none,cosine,0.1,100,True,0.0,2.0,1.0,2,gelu,L1,off,3,L1,mixup,0.4631168072221,he_uniform,L1,0.0985418236957,ExponentialDecay,2.999940469808,False,0.3939006757537,3,8,18,1,SGD,0.2979197442001,True,True,True,False,True,,0.0064693056758,,,,,0.9043947410322,1066.0,,False,,,,29.0,
ordinal,none,none,none,1,none,cosine,0.1,100,True,0.0,2.0,1.0,2,softplus,none,after_activation,73,none,mixup,0.2319535065583,variance_scaling,L1,0.1356121050358,PolynomialDecay,1.7001424291314,True,0.2456610224532,3,12,1253,375,SGD,0.7887749258904,False,True,True,False,False,,0.0075885339324,,,,,,48894.0,6.19510935e-05,False,,,,,
ordinal,none,none,none,1,none,cosine,0.1,100,True,0.0,2.0,1.0,2,relu,none,off,8,L1,cutout,0.4965718088723,he_normal,L1,0.0108990712444,ReduceLROnPlateau,2.8454334159265,False,0.6939749214387,5,9,1,34,Adam,0.6018371255553,False,False,False,True,False,1.57215594e-05,0.0002775285428,0.8371863011165,,,,0.8677626332496,32518.0,,,0.0,24.0,False,,
ordinal,none,none,none,1,none,cosine,0.1,100,True,0.0,2.0,1.0,2,sigmoid,L2,before_activation,39,L2,mixup,0.1145446841202,variance_scaling,L1,6.7039366042954,CosineDecayRestarts,1.72411762822,False,0.6388103289444,4,8,204,37,Adam,0.6550239338053,False,True,False,True,True,0.002203731782,0.0410036148688,,0.0630820013605,1.4431371928297,2.9248997924427,,272.0,,,4.0,69.0,False,77.0,
ordinal,none,none,none,1,none,cosine,0.1,100,True,0.0,2.0,1.0,2,tanh,L1L2,off,8,L2,cutout,0.5357899305365,random_normal,L1,0.000172125896,CosineDecay,1.9029422574735,False,0.4613372591053,9,13,1,33,Adagrad,0.6615002906501,False,False,True,True,False,,,0.5022160519725,0.019324796295,,,,148.0,,True,2.0,14.0,False,,0.4721186294004
ordinal,none,none,none,1,none,cosine,0.1,100,True,0.0,2.0,1.0,2,tanh,L1,before_activation,29,L2,cutout,0.3544514042531,he_uniform,L1,0.0005824431092,none,0.6754809787024,True,0.6209257137098,10,14,1,43,Adamax,0.5095659932026,False,False,False,True,False,0.0057022674444,0.0402082152619,0.6090878398037,,,,,,,,3.0,2.0,True,,
ordinal,none,none,none,1,none,cosine,0.1,100,True,0.0,2.0,1.0,2,tanh,L2,after_activation,2,L1L2,cutmix,0.4109809733948,variance_scaling,L2,1.42478679e-05,CosineDecayRestarts,1.8412296529724,False,0.4032256452281,10,11,147,1037,Adadelta,0.714623712625,False,True,False,True,True,0.000879183559,,,0.6380052921807,1.1467161882906,0.9692121743003,,5674.0,,,4.0,34.0,False,75.0,
ordinal,none,none,none,1,none,cosine,0.1,100,True,0.0,2.0,1.0,2,elu,L1,off,1,none,cutout,0.655223670715,orthogonal,L1,0.0963110691185,ExponentialDecay,1.0035174476073,True,0.7615016085799,10,10,1349,74,Nadam,0.1261803997213,True,False,True,False,False,0.1203539288397,0.1756160833502,0.912236686213,,,,0.9314262177879,134.0,,False,,,,,
ordinal,none,none,none,1,none,cosine,0.1,100,True,0.0,2.0,1.0,2,elu,none,after_activation,1,L2,mixup,0.7386072043757,random_normal,L2,0.0517470558589,ExponentialDecay,1.039930752339,False,0.5004690298212,4,13,761,13,Adam,0.8263267263118,True,True,False,True,False,0.0065187505811,0.007135465253,,,,,0.9594903136067,999599.0,,,2.0,70.0,True,,
ordinal,none,none,none,1,none,cosine,0.1,100,True,0.0,2.0,1.0,2,selu,L2,after_activation,453,L2,cutout,0.4951071124384,glorot_uniform,none,1.42596545e-05,CosineDecayRestarts,1.4714696716471,False,0.2667217547447,7,11,960,2,Nadam,0.3712347683872,True,False,True,True,False,5.2935752e-05,0.0007896163306,0.2869094211113,0.8363790878575,0.9002106971007,0.6570258995436,,3935.0,,False,2.0,90.0,False,,
ordinal,none,none,none,1,none,cosine,0.1,100,True,0.0,2.0,1.0,2,elu,L2,after_activation,96,none,none,0.84481993029,glorot_uniform,none,2.6600946e-06,ExponentialDecay,2.065093323314,True,0.4851091605706,7,5,6,115,Adam,0.2870863500708,False,True,True,True,False,0.0104880817576,0.0036944736087,,,,,0.8965673862639,2.0,,False,1.0,96.0,True,,
ordinal,none,none,none,1,none,cosine,0.1,100,True,0.0,2.0,1.0,2,elu,none,off,303,L2,cutmix,0.2284249592308,random_normal,none,0.7530807925471,CosineDecayRestarts,1.966790242973,False,0.4160784763721,6,6,4,1,Adadelta,0.7239776382642,True,True,True,True,True,0.0007925428956,,,0.9306825364905,0.5287657333793,0.4389641429079,,41.0,,True,0.0,42.0,True,70.0,0.3096115716376
ordinal,none,none,none,1,none,cosine,0.1,100,True,0.0,2.0,1.0,2,softsign,L2,before_activation,7,none,mixup,0.8978621316697,orthogonal,L2,0.3161711081323,ExponentialDecay,1.1269442526928,True,0.2204625139883,6,1,326,79,Ftrl,0.4388072990417,False,False,False,False,True,,,,,,,0.8128833488747,99003.0,,,,,,85.0,
ordinal,none,none,none,1,none,cosine,0.1,100,True,0.0,2.0,1.0,2,softmax,L2,after_activation,32,none,cutout,0.6236261610674,he_uniform,L1L2,0.0012169793802,PolynomialDecay,0.3776293792309,True,0.4098258785715,9,6,118,1,Adagrad,0.0769754726567,False,False,False,False,False,,,0.7032575096548,,,,,2.0,7.7591596e-06,,,,,,
ordinal,none,none,none,1,none,cosine,0.1,100,True,0.0,2.0,1.0,2,gelu,L1,off,27,L1L2,none,0.0838043123486,he_uniform,L1L2,0.2121777405111,none,0.9589257663339,False,0.7858044906758,8,10,6,145,Nadam,0.7697125721096,True,False,False,False,False,0.0240067593193,0.0006416543075,,,,,,,,,,,,,
ordinal,none,none,none,1,none,cosine,0.1,100,True,0.0,2.0,1.0,2,tanh,L1L2,before_activation,1,none,mixup,0.0997538873147,glorot_uniform,L1L2,0.0235188964749,PolynomialDecay,1.5226438291604,False,0.3557896192305,7,12,1,30,Adamax,0.9909984779143,False,True,False,False,False,0.0001173511653,0.0181254475072,,,,,,33.0,7.94009113e-05,,,,,,
ordinal,none,none,none,1,none,cosine,0.1,100,True,0.0,2.0,1.0,2,none,L1,after_activation,3,none,cutout,0.1540408534475,random_uniform,L1L2,2.076830331825,ReduceLROnPlateau,2.7556916528791,False,0.6344016624874,6,7,1,1,Adamax,0.3012249343244,True,True,False,False,False,1.21889669e-05,0.0019188966792,0.7025407551492,,,,0.8901659992545,2464.0,,,,,,,
ordinal,none,none,none,1,none,cosine,0.1,100,True,0.0,2.0,1.0,2,tanh,L2,after_activation,45,L1L2,none,0.7717914944255,glorot_uniform,none,3.2084415e-06,CosineDecay,1.9479796923726,True,0.2924839073345,5,5,2805,70,SGD,0.8514453986944,False,False,True,True,True,,0.0001237681466,,0.2207731224916,,,,459811.0,,True,0.0,86.0,True,93.0,0.4779766680861
ordinal,none,none,none,1,none,cosine,0.1,100,True,0.0,2.0,1.0,2,sigmoid,L1,before_activation,45,L1L2,mixup,0.7094584425849,glorot_uniform,L1,9.36393718e-05,none,2.6692713965665,False,0.3015922906999,10,11,25,34,RMSprop,0.1039828140455,False,False,True,False,True,6.38845453e-05,0.0029327153106,,,,,,,,False,,,,66.0,
ordinal,none,none,none,1,none,cosine,0.1,100,True,0.0,2.0,1.0,2,elu,L2,before_activation,9,none,mixup,0.5170120286822,truncated_normal,L2,0.2963488678606,CosineDecay,1.9038740965325,False,0.3778945820963,5,16,110,5,Adam,0.2042811651657,False,False,False,True,False,2.03010438e-05,0.0386313292178,,0.9867061154951,,,,169.0,,,0.0,77.0,False,,
ordinal,none,none,none,1,none,cosine,0.1,100,True,0.0,2.0,1.0,2,sigmoid,L2,after_activation,481,none,cutmix,0.1741489818681,random_uniform,none,0.4824343814577,CosineDecay,1.4965520772025,True,0.2087688323093,9,1,562,97,SGD,0.007263910407,False,True,True,False,True,,0.0291170627806,,0.0409671338904,,,,189.0,,False,,,,94.0,
ordinal,none,none,none,1,none,cosine,0.1,100,True,0.0,2.0,1.0,2,gelu,L2,before_activation,35,L1L2,none,0.624707280882,glorot_normal,none,4.2114513030558,InverseTimeDecay,1.1871708836781,True,0.4901872184971,10,3,8,2,Ftrl,0.1909731852362,False,False,True,True,True,,,,,,,0.8726148599261,20776.0,,True,5.0,11.0,False,48.0,0.8212631694985
ordinal,none,none,none,1,none,cosine,0.1,100,True,0.0,2.0,1.0,2,elu,L2,after_activation,61,L1L2,none,0.7581274112404,variance_scaling,L1,3.1968405137624,ReduceLROnPlateau,2.9192516721895,False,0.7818953022386,4,15,3036,7,Ftrl,0.6603438239842,False,False,False,True,False,,,,,,,0.9494734424695,129.0,,,1.0,23.0,False,,
ordinal,none,none,none,1,none,cosine,0.1,100,True,0.0,2.0,1.0,2,tanh,L1,off,179,L1L2,none,0.4568922342421,glorot_uniform,L1L2,4.2719327e-06,CosineDecay,1.5912715157936,False,0.3689185468669,3,12,475,2189,Adam,0.2916477237456,True,True,True,True,True,0.0042685978143,0.0011494851776,,0.0750795900695,,,,1.0,,True,3.0,84.0,True,72.0,0.6589189180102
ordinal,none,none,none,1,none,cosine,0.1,100,True,0.0,2.0,1.0,2,softplus,L1,after_activation,14,L1L2,mixup,0.6255847534783,random_uniform,none,0.0132196511279,CosineDecay,1.2699660579425,False,0.6018965372385,5,2,364,1,Adamax,0.0415026207086,True,False,False,False,True,0.0239624780278,0.1131994515508,,0.0105889394246,,,,231662.0,,,,,,70.0,
ordinal,none,none,none,1,none,cosine,0.1,100,True,0.0,2.0,1.0,2,gelu,none,before_activation,183,L1,none,0.3817638267509,truncated_normal,L1,0.0549902755621,PolynomialDecay,1.0522714590474,False,0.6727357359498,4,16,671,1476,Adamax,0.4894542148961,False,False,False,False,False,0.0016717530883,0.0488733486334,,,,,,21363.0,1.4256775e-06,,,,,,
ordinal,none,none,none,1,none,cosine,0.1,100,True,0.0,2.0,1.0,2,gelu,L1,after_activation,92,L1,cutmix,0.8817931092152,variance_scaling,L2,6.6610929e-06,PolynomialDecay,0.876710777375,True,0.6590315190292,5,18,27,162,Nadam,0.8630380072875,True,True,False,False,True,1.6290127e-05,0.0334427201267,,,,,,422207.0,0.0003767903535,,,,,50.0,
ordinal,none,none,none,1,none,cosine,0.1,100,True,0.0,2.0,1.0,2,relu,L1,before_activation,80,L1L2,mixup,0.3943484406269,glorot_normal,L1,1.8150256833858,CosineDecayRestarts,1.9400265351381,False,0.413188708174,10,17,21,8,Nadam,0.2084138072928,False,True,False,True,True,1.27075175e-05,0.0028548909865,,0.2028463095508,1.752655763027,2.9148142825808,,1424.0,,,1.0,79.0,False,43.0,
ordinal,none,none,none,1,none,cosine,0.1,100,True,0.0,2.0,1.0,2,softplus,L1L2,before_activation,1,L2,mixup,0.2913234473352,glorot_uniform,L2,0.0242692246991,none,1.6800130470895,True,0.6328830382765,8,1,1122,14,Nadam,0.5776623991015,True,True,False,True,True,0.0003811268647,0.0045460645829,,,,,,,,,4.0,71.0,False,11.0,
ordinal,none,none,none,1,none,cosine,0.1,100,True,0.0,2.0,1.0,2,none,L1L2,before_activation,25,none,mixup,0.850437032284,random_normal,L1,0.0110232165869,PolynomialDecay,2.0568537970377,False,0.2561704563192,8,10,30,5,Adadelta,0.6530150134893,False,True,False,True,True,0.0172576459079,,,,,,,95.0,0.0009252054744,,0.0,51.0,True,36.0,
ordinal,none,none,none,1,none,cosine,0.1,100,True,0.0,2.0,1.0,2,tanh,L2,after_activation,61,L1L2,none,0.7172175061886,he_normal,L2,2.04598209e-05,InverseTimeDecay,2.0335301817706,True,0.3395487116675,9,1,3539,9,Adamax,0.2659894245034,True,False,False,True,True,8.38213003e-05,0.0003351861617,,,,,0.9545922007242,7472.0,,,3.0,44.0,False,66.0,
ordinal,none,none,none,1,none,cosine,0.1,100,True,0.0,2.0,1.0,2,none,none,after_activation,448,L1,none,0.5457314550743,he_uniform,L1L2,0.153495113691,none,2.6089205416975,True,0.3259410577358,2,15,5,263,RMSprop,0.1748694719231,True,True,True,False,False,0.0003877072727,0.0020182825154,,,,,,,,False,,,,,
ordinal,none,none,none,1,none,cosine,0.1,100,True,0.0,2.0,1.0,2,softplus,L2,before_activation,47,L1,none,0.560418304116,variance_scaling,L1L2,4.49122831e-05,CosineDecay,0.399161967522,True,0.5754628028033,3,4,1503,201,Ftrl,0.5181351976236,True,True,True,False,False,,,,0.0173014191661,,,,949994.0,,False,,,,,
ordinal,none,none,none,1,none,cosine,0.1,100,True,0.0,2.0,1.0,2,elu,L2,after_activation,21,L2,cutmix,0.3790986410618,glorot_normal,none,0.3857469908258,none,1.8058214821817,False,0.3210573036363,3,15,9,8,Nadam,0.6126704496033,False,False,True,True,False,2.06720316e-05,0.0016678516633,,,,,,,,True,4.0,12.0,True,,0.3563694502942
ordinal,none,none,none,1,none,cosine,0.1,100,True,0.0,2.0,1.0,2,sigmoid,L1L2,after_activation,41,L1L2,mixup,0.2638725807183,random_normal,L1,0.2835842521099,ExponentialDecay,1.342042292642,True,0.3701343200885,10,1,101,89,Nadam,0.570903169733,False,True,False,True,True,0.0056434144507,0.0175916059566,,,,,0.873124567281,197.0,,,3.0,51.0,True,15.0,
ordinal,none,none,none,1,none,cosine,0.1,100,True,0.0,2.0,1.0,2,gelu,L2,after_activation,120,L1,mixup,0.4675217054675,truncated_normal,L2,3.7650458531995,ExponentialDecay,2.4310145959088,True,0.3634156342085,3,1,2,1285,Adamax,0.572675941576,False,True,True,False,True,0.0119124614502,0.0026883663333,,,,,0.8210170002,1374.0,,True,,,,72.0,0.8331193000727
ordinal,none,none,none,1,none,cosine,0.1,100,True,0.0,2.0,1.0,2,tanh,L1L2,off,4,L2,cutout,0.3644473475398,he_normal,none,0.3011983724056,InverseTimeDecay,0.9170978201294,False,0.7660096940232,3,14,1,9,AdamW,0.4973563040065,True,False,False,True,True,2.46123851e-05,0.0009706624273,0.9313667962066,,,,0.9897630408923,665585.0,,,2.0,44.0,False,87.0,
ordinal,none,none,none,1,none,cosine,0.1,100,True,0.0,2.0,1.0,2,none,L1L2,after_activation,107,none,none,0.377061425094,random_uniform,none,0.0003586049643,CosineDecay,1.9441696412078,True,0.7687998403383,10,11,22,1,Nadam,0.20577431971,False,True,False,False,False,0.1094016159032,0.0031616761284,,0.8122939040291,,,,20662.0,,,,,,,
ordinal,none,none,none,1,none,cosine,0.1,100,True,0.0,2.0,1.0,2,none,L1L2,off,15,L1L2,cutmix,0.8930429745586,variance_scaling,L1,0.0037546177128,none,1.027902244862,True,0.6989879575582,7,20,4,9,Adamax,0.6794079917895,False,True,False,True,True,6.08744441e-05,0.0393735487561,,,,,,,,,4.0,80.0,False,6.0,
ordinal,none,none,none,1,none,cosine,0.1,100,True,0.0,2.0,1.0,2,relu,none,off,1,L1,none,0.6217752308148,variance_scaling,L2,0.0244389919516,ExponentialDecay,0.9336121990423,False,0.4709131773,8,2,58,2502,Ftrl,0.5059712126386,False,False,False,False,True,,,,,,,0.8317494527399,130.0,,,,,,72.0,
ordinal,none,none,none,1,none,cosine,0.1,100,True,0.0,2.0,1.0,2,sigmoid,L1L2,off,2,L2,cutout,0.8102849209891,glorot_normal,L1L2,7.45807e-05,PolynomialDecay,1.1851598596712,False,0.4940395803757,4,10,7,1,Adamax,0.8388115244044,False,False,True,True,True,0.000950786445,0.0474297678695,0.858256581479,,,,,35.0,1.63695181e-05,False,3.0,53.0,False,91.0,
ordinal,none,none,none,1,none,cosine,0.1,100,True,0.0,2.0,1.0,2,elu,L2,off,49,none,cutout,0.6321370996083,variance_scaling,L2,0.3984385288225,ExponentialDecay,0.4716545024995,True,0.4247463776002,4,4,1,2,Ftrl,0.8033221341473,True,True,True,False,True,,,0.7548965197871,,,,0.8772739247377,13192.0,,True,,,,2.0,0.5077590780683
ordinal,none,none,none,1,none,cosine,0.1,100,True,0.0,2.0,1.0,2,elu,none,off,4,L2,cutmix,0.6940459799224,glorot_normal,L2,0.0002012270203,CosineDecayRestarts,2.3152428152537,True,0.4764977224396,10,17,393,4,Adadelta,0.5389815851448,True,False,True,False,False,0.0130632109517,,,0.602088761907,1.2965268351244,1.1457288297226,,1787.0,,True,,,,,0.5163401699305
ordinal,none,none,none,1,none,cosine,0.1,100,True,0.0,2.0,1.0,2,selu,L2,after_activation,306,none,cutmix,0.1955779693079,random_normal,L1L2,8.1461527e-06,InverseTimeDecay,2.6795371632707,True,0.2849023096411,8,9,16,356,AdamW,0.3821036771863,True,True,False,False,False,0.0073989184463,0.000209382127,,,,,0.8835458951234,49135.0,,,,,,,
ordinal,none,none,none,1,none,cosine,0.1,100,True,0.0,2.0,1.0,2,softsign,L2,after_activation,120,L2,mixup,0.7066103673638,he_uniform,L1L2,2.610057e-06,none,0.3458597956616,False,0.3625906775323,7,4,4,3431,Ftrl,0.5196198028036,True,True,False,True,True,,,,,,,,,,,0.0,42.0,True,37.0,
ordinal,none,none,none,1,none,cosine,0.1,100,True,0.0,2.0,1.0,2,relu,L1L2,before_activation,408,none,none,0.285213925532,random_normal,none,0.0416932420368,ExponentialDecay,2.0615945208807,True,0.3110607838274,2,16,2657,133,RMSprop,0.9224772917637,True,True,True,True,True,3.01500169e-05,0.1349865012459,,,,,0.8019994001034,15.0,,False,5.0,24.0,False,11.0,
ordinal,none,none,none,1,none,cosine,0.1,100,True,0.0,2.0,1.0,2,gelu,L1,before_activation,1,L2,cutmix,0.3261809575859,glorot_uniform,L2,7.1281952e-05,none,1.8198317898927,True,0.7285436932345,9,1,58,2,RMSprop,0.5249401320061,False,True,True,True,True,0.0049466302621,0.0005182849432,,,,,,,,True,0.0,8.0,True,3.0,0.5825596577274
ordinal,none,none,none,1,none,cosine,0.1,100,True,0.0,2.0,1.0,2,none,none,before_activation,215,L2,mixup,0.2970490922666,glorot_uniform,L2,0.9141761545359,InverseTimeDecay,2.7445635305877,True,0.6139838984385,7,13,108,45,Adadelta,0.5364458446759,True,True,True,True,True,0.0685285835297,,,,,,0.9257375420379,28102.0,,False,0.0,50.0,True,26.0,
ordinal,none,none,none,1,none,cosine,0.1,100,True,0.0,2.0,1.0,2,none,L1,after_activation,288,L1,mixup,0.0299681069429,random_normal,L2,0.2552836142992,InverseTimeDecay,2.1504726121849,True,0.280000854713,8,1,2992,674,SGD,0.5193623733237,True,True,False,True,True,,0.000199264207,,,,,0.9293902436788,534.0,,,4.0,65.0,False,45.0,
ordinal,none,none,none,1,none,cosine,0.1,100,True,0.0,2.0,1.0,2,none,none,after_activation,411,L1,none,0.5476772141234,variance_scaling,L1L2,6.404064e-06,ReduceLROnPlateau,1.4301794327493,False,0.4582457081816,10,2,2,4,Adamax,0.9730097325135,True,False,True,True,True,0.0643589911053,0.0476055238431,,,,,0.9008475883391,84966.0,,False,1.0,72.0,True,95.0,
ordinal,none,none,none,1,none,cosine,0.1,100,True,0.0,2.0,1.0,2,selu,none,after_activation,36,L2,cutout,0.863102402303,random_normal,none,0.0077084772677,CosineDecay,1.8611293188738,False,0.3953855707335,4,8,4,11,Ftrl,0.8967306103244,False,True,True,False,False,,,0.0870638671049,0.687790685155,,,,1923.0,,False,,,,,
ordinal,none,none,none,1,none,cosine,0.1,100,True,0.0,2.0,1.0,2,elu,L1L2,after_activation,15,none,none,0.138922934393,he_uniform,L1,5.9104054214168,none,0.6434791076637,True,0.2089657363259,2,5,367,258,AdamW,0.4066083816449,True,True,False,False,True,1.96666904e-05,0.0002924853236,,,,,,,,,,,,35.0,
ordinal,none,none,none,1,none,cosine,0.1,100,True,0.0,2.0,1.0,2,softsign,L1L2,off,13,L1L2,none,0.8186335663994,he_normal,L1,0.6377000866984,CosineDecayRestarts,0.7378053246349,True,0.6436565082012,10,20,106,14,AdamW,0.477472940551,False,False,False,True,True,0.0316496084618,0.0113818293566,,0.844259217027,0.6192315190642,1.9163189246703,,117147.0,,,2.0,54.0,False,61.0,
ordinal,none,none,none,1,none,cosine,0.1,100,True,0.0,2.0,1.0,2,softplus,L1,before_activation,19,L1,none,0.2275851571442,variance_scaling,none,1.2754896815003,none,0.9043597550933,True,0.4641258896874,3,10,31,429,Adagrad,0.3088440213961,True,True,True,False,False,,,,,,,,,,True,,,,,0.7979834169319
ordinal,none,none,none,1,none,cosine,0.1,100,True,0.0,2.0,1.0,2,sigmoid,none,before_activation,65,none,mixup,0.0689254235856,glorot_uniform,none,6.90711834e-05,ReduceLROnPlateau,1.6043432542351,True,0.4169958404625,4,17,2,745,AdamW,0.0450662994678,True,False,False,False,False,0.1992643740208,0.004630937155,,,,,0.9038622458459,444.0,,,,,,,
ordinal,none,none,none,1,none,cosine,0.1,100,True,0.0,2.0,1.0,2,sigmoid,none,off,144,L1L2,none,0.1498846557472,he_normal,L1,0.1197702246536,CosineDecay,1.0204250988774,True,0.3092906610061,8,10,128,1002,AdamW,0.9550001761983,True,True,True,False,True,0.1634477270612,0.0093582842187,,0.8390238944655,,,,41116.0,,True,,,,38.0,0.4743463148581
ordinal,none,none,none,1,none,cosine,0.1,100,True,0.0,2.0,1.0,2,softsign,none,after_activation,1,L1,none,0.4404995431687,glorot_uniform,L2,0.0002394261476,InverseTimeDecay,0.5714698492121,True,0.4929735600073,5,17,39,98,Adam,0.1933256807161,True,False,False,False,True,3.02138857e-05,0.0010067182048,,,,,0.9842874168057,87.0,,,,,,54.0,
ordinal,none,none,none,1,none,cosine,0.1,100,True,0.0,2.0,1.0,2,sigmoid,L1,before_activation,5,none,none,0.3638521344612,orthogonal,L2,0.6258044381461,CosineDecay,1.699972804527,False,0.3629834084629,7,12,265,23,RMSprop,0.6219371386492,True,False,False,True,False,0.0006996706344,0.0023976681575,,0.4785508523186,,,,34.0,,,0.0,7.0,True,,
ordinal,none,none,none,1,none,cosine,0.1,100,True,0.0,2.0,1.0,2,relu,L2,off,98,none,cutmix,0.2116458872423,orthogonal,L1,5.2307687e-06,none,2.1841403817728,True,0.5046658068713,2,11,12,171,RMSprop,0.8736984154618,True,False,False,False,False,0.0003956828235,0.0345168205412,,,,,,,,,,,,,
ordinal,none,none,none,1,none,cosine,0.1,100,True,0.0,2.0,1.0,2,tanh,L1L2,before_activation,17,L1L2,cutout,0.4371093265069,truncated_normal,L2,0.0624882968783,PolynomialDecay,0.5603855223875,False,0.3502360099414,5,7,28,4,Adamax,0.2886646989598,False,True,True,False,False,0.0001619134618,0.0038656824495,0.4228389867224,,,,,21.0,2.53015418e-05,False,,,,,
ordinal,none,none,none,1,none,cosine,0.1,100,True,0.0,2.0,1.0,2,none,none,before_activation,4,L1L2,cutmix,0.2072292318913,glorot_uniform,none,0.0326836263849,CosineDecay,2.2681726125564,False,0.3755871587071,10,10,12,5,RMSprop,0.8402606431685,False,False,True,False,True,0.0337845283182,0.0004341290659,,0.9537769169499,,,,613.0,,False,,,,81.0,
ordinal,none,none,none,1,none,cosine,0.1,100,True,0.0,2.0,1.0,2,elu,L2,after_activation,17,L1L2,mixup,0.1614348821241,he_normal,L2,6.74880694e-05,ReduceLROnPlateau,0.3639040528221,True,0.4550978230768,4,17,5,906,AdamW,0.3596110019133,False,False,False,True,False,0.0052202605311,0.0012335779409,,,,,0.8717001776334,220886.0,,,2.0,30.0,False,,
ordinal,none,none,none,1,none,cosine,0.1,100,True,0.0,2.0,1.0,2,gelu,L1L2,after_activation,168,L2,mixup,0.5785589875672,variance_scaling,L1,0.0266152364376,InverseTimeDecay,2.1871396832316,False,0.5665468768414,10,6,68,896,Adam,0.7337642411532,False,False,True,True,True,0.1752360874748,0.0008105343167,,,,,0.8675318863003,699.0,,True,1.0,88.0,True,90.0,0.3625037774368
ordinal,none,none,none,1,none,cosine,0.1,100,True,0.0,2.0,1.0,2,softsign,L2,after_activation,3,L1,cutout,0.6026590443558,he_uniform,L2,2.3777527845341,PolynomialDecay,2.8733301881933,True,0.7055377532242,5,13,989,29,Ftrl,0.1152405437285,True,True,True,True,False,,,0.4509570730816,,,,,16.0,1.1360258e-06,True,2.0,24.0,True,,0.6412974208194
ordinal,none,none,none,1,none,cosine,0.1,100,True,0.0,2.0,1.0,2,elu,none,after_activation,305,L1,cutout,0.2219836574942,truncated_normal,none,0.0202376839409,ExponentialDecay,1.5332705237253,True,0.3671927866779,6,11,1,48,Nadam,0.3421208161026,False,False,True,False,True,0.0063285703405,0.0391792986681,0.9855561431418,,,,0.8475233664208,57.0,,False,,,,99.0,
ordinal,none,none,none,1,none,cosine,0.1,100,True,0.0,2.0,1.0,2,relu,none,off,29,L1,none,0.0621462402283,random_uniform,L1,1.94223185e-05,ReduceLROnPlateau,0.4779050448885,True,0.396424550609,7,14,56,35,Adadelta,0.5653888880734,False,False,False,True,False,0.0685058364822,,,,,,0.849861504872,59202.0,,,3.0,39.0,False,,
ordinal,none,none,none,1,none,cosine,0.1,100,True,0.0,2.0,1.0,2,selu,L2,off,14,none,none,0.8430216670614,truncated_normal,L2,0.000139039083,InverseTimeDecay,1.0632415584265,True,0.5868049518591,6,8,521,43,Ftrl,0.5052892699934,True,True,True,True,False,,,,,,,0.8742918837378,30399.0,,True,3.0,17.0,True,,0.1986083926346
ordinal,none,none,none,1,none,cosine,0.1,100,True,0.0,2.0,1.0,2,gelu,L2,off,3,none,cutout,0.5815581611801,truncated_normal,L1L2,0.0002890074491,CosineDecay,0.6982872959061,False,0.7969072196821,6,14,195,6,Nadam,0.9137392454615,True,False,False,False,True,0.0316331759056,0.0542799475607,0.1044926962744,0.5911872820211,,,,506918.0,,,,,,94.0,
ordinal,none,none,none,1,none,cosine,0.1,100,True,0.0,2.0,1.0,2,tanh,L1,after_activation,5,L1,cutmix,0.6011354966011,random_normal,L2,0.0001507250509,CosineDecayRestarts,1.6525287485118,True,0.3384596108907,10,13,3866,6,Adadelta,0.7156357330406,False,False,True,False,False,7.86005836e-05,,,0.7249633362023,0.7731260273478,0.5000383971678,,1.0,,True,,,,,0.477585561655
ordinal,none,none,none,1,none,cosine,0.1,100,True,0.0,2.0,1.0,2,tanh,L1,before_activation,8,L2,none,0.3768664219316,glorot_normal,L1,0.0617806355526,ReduceLROnPlateau,0.7881693076217,False,0.3324641497077,4,10,1,1019,Adadelta,0.4478055287148,True,False,True,False,True,8.68971249e-05,,,,,,0.8058563481152,14.0,,False,,,,10.0,
ordinal,none,none,none,1,none,cosine,0.1,100,True,0.0,2.0,1.0,2,softmax,none,before_activation,135,L2,none,0.3847946193032,glorot_uniform,L2,4.4670361040707,CosineDecay,2.9902305851112,False,0.6921832523646,9,6,3,256,Adamax,0.1911605160775,True,False,False,False,True,0.0007589546573,0.0085449215624,,0.5102138569075,,,,151700.0,,,,,,55.0,
ordinal,none,none,none,1,none,cosine,0.1,100,True,0.0,2.0,1.0,2,none,none,off,20,L1L2,none,0.5091194868824,glorot_normal,L2,0.0033679927141,CosineDecay,1.4328276709697,False,0.6788417704263,4,3,14,3349,Nadam,0.6772955686279,True,False,True,True,True,0.0005446418248,0.0039364666174,,0.0669940309539,,,,80744.0,,True,0.0,52.0,False,51.0,0.8866807438249
ordinal,none,none,none,1,none,cosine,0.1,100,True,0.0,2.0,1.0,2,gelu,L1L2,after_activation,196,L2,cutmix,0.0302006872822,he_normal,L1,0.3402509646807,PolynomialDecay,1.3458212046465,False,0.3974070863854,10,17,1,3,Adadelta,0.2239767424284,False,True,False,False,False,0.0083912359799,,,,,,,11.0,0.0007053707393,,,,,,
ordinal,none,none,none,1,none,cosine,0.1,100,True,0.0,2.0,1.0,2,none,L1,off,185,L2,cutmix,0.598918604014,orthogonal,L2,4.0803320650485,none,0.4732430338679,False,0.2088500426591,4,19,75,2167,RMSprop,0.4418981633684,True,False,False,True,True,1.03592794e-05,0.0052100127764,,,,,,,,,4.0,21.0,False,78.0,
ordinal,none,none,none,1,none,cosine,0.1,100,True,0.0,2.0,1.0,2,sigmoid,L1,after_activation,465,L1L2,none,0.7274586116344,glorot_uniform,none,0.0004179370845,ReduceLROnPlateau,1.9161935890769,True,0.4577108289041,7,5,206,582,AdamW,0.7865801919089,True,True,False,False,False,0.037063103751,0.1729621146283,,,,,0.8405705269849,24.0,,,,,,,
ordinal,none,none,none,1,none,cosine,0.1,100,True,0.0,2.0,1.0,2,gelu,none,after_activation,162,L1L2,mixup,0.808429181681,he_uniform,none,2.1083897e-06,CosineDecay,0.635618971142,True,0.5260901946927,3,7,32,80,Nadam,0.9112273903414,True,False,False,True,False,8.71956748e-05,0.0001326351997,,0.2371982493058,,,,2.0,,,4.0,86.0,True,,
ordinal,none,none,none,1,none,cosine,0.1,100,True,0.0,2.0,1.0,2,relu,L2,after_activation,1,L1L2,cutout,0.6876353237783,he_normal,none,0.1875474796456,ExponentialDecay,1.0067019562021,True,0.6560926583956,10,17,32,229,Adagrad,0.2029307823873,True,False,False,False,False,,,0.5133323010998,,,,0.8692130902859,21822.0,,,,,,,
ordinal,none,none,none,1,none,cosine,0.1,100,True,0.0,2.0,1.0,2,gelu,none,after_activation,16,L1L2,none,0.4941627445006,he_normal,L1,0.4710350656493,ExponentialDecay,1.8788884708977,True,0.6182693701678,5,17,1,418,RMSprop,0.0074139174071,False,True,False,True,True,0.000493173492,0.0003028496904,,,,,0.8224851766756,26.0,,,2.0,46.0,False,37.0,
ordinal,none,none,none,1,none,cosine,0.1,100,True,0.0,2.0,1.0,2,softsign,L1,after_activation,3,L1,cutmix,0.3894015076494,glorot_normal,none,3.54313683e-05,InverseTimeDecay,1.4972068849265,True,0.5974209259491,3,12,15,3,AdamW,0.9120819825238,True,True,False,True,False,4.024469e-05,0.0089510958298,,,,,0.8621578513178,138345.0,,,1.0,79.0,True,,
ordinal,none,none,none,1,none,cosine,0.1,100,True,0.0,2.0,1.0,2,selu,L1L2,off,289,L1,cutout,0.0413265782321,random_normal,L1,0.0518051872252,InverseTimeDecay,1.4802724338904,True,0.588207342527,10,9,15,483,Adamax,0.4388658238848,True,True,False,False,False,0.0001700874862,0.0002615764323,0.9880076654045,,,,0.9892281000718,1.0,,,,,,,
ordinal,none,none,none,1,none,cosine,0.1,100,True,0.0,2.0,1.0,2,selu,L1L2,after_activation,333,none,mixup,0.472118143317,he_uniform,none,5.7873366900723,InverseTimeDecay,2.1354896395452,True,0.3516537201738,3,17,107,19,Ftrl,0.1680804640788,True,True,True,True,False,,,,,,,0.8471742800082,4830.0,,False,3.0,55.0,False,,
ordinal,none,none,none,1,none,cosine,0.1,100,True,0.0,2.0,1.0,2,sigmoid,L2,off,1,L2,mixup,0.6907996439858,random_normal,L1L2,0.1350090994485,PolynomialDecay,0.4843040275072,True,0.5402073639419,7,13,2988,5,Adadelta,0.0004235700601,True,False,True,True,False,2.41958153e-05,,,,,,,2955.0,2.75396479e-05,True,1.0,29.0,True,,0.4040535524319
ordinal,none,none,none,1,none,cosine,0.1,100,True,0.0,2.0,1.0,2,selu,L1L2,off,106,L1,cutout,0.6955488939721,variance_scaling,L1L2,0.0201632004654,CosineDecay,1.4006355237235,True,0.6481926200947,5,12,310,21,AdamW,0.7851876027756,True,False,False,True,True,0.000133340389,0.0009175618762,0.0770661702813,0.0734452364113,,,,1.0,,,4.0,26.0,True,16.0,
ordinal,none,none,none,1,none,cosine,0.1,100,True,0.0,2.0,1.0,2,sigmoid,L1,before_activation,15,L2,cutout,0.660557561088,truncated_normal,none,1.16620711e-05,ExponentialDecay,1.6444169087989,False,0.7717318675217,7,20,36,1291,Adadelta,0.3437417428685,False,True,False,True,False,0.000818218321,,0.5806806014518,,,,0.9354105321121,6.0,,,4.0,35.0,True,,
ordinal,none,none,none,1,none,cosine,0.1,100,True,0.0,2.0,1.0,2,elu,L1,before_activation,172,L2,cutout,0.1830702109329,truncated_normal,L1L2,9.02830616e-05,CosineDecay,1.303494548179,True,0.3635140414545,2,15,64,32,Nadam,0.2844306217468,True,False,False,True,True,0.0116609561755,0.019613078789,0.7710950265896,0.6899461350386,,,,3479.0,,,1.0,6.0,True,39.0,
ordinal,none,none,none,1,none,cosine,0.1,100,True,0.0,2.0,1.0,2,relu,L1L2,after_activation,39,none,mixup,0.0658876133422,random_normal,L1L2,0.7898978976565,CosineDecayRestarts,2.6165393777885,True,0.6527056651578,10,9,2,1,Adagrad,0.5314971897223,False,False,False,False,True,,,,0.912854692615,1.4430230449827,1.6483459573169,,1676.0,,,,,,41.0,
ordinal,none,none,none,1,none,cosine,0.1,100,True,0.0,2.0,1.0,2,none,L1,after_activation,7,L1L2,cutmix,0.1521430864984,he_normal,L1L2,4.8322788302093,none,1.5199075670673,True,0.320050325844,9,6,688,131,Adam,0.4925604182741,False,True,True,False,True,6.44366102e-05,0.0117568861758,,,,,,,,False,,,,22.0,
ordinal,none,none,none,1,none,cosine,0.1,100,True,0.0,2.0,1.0,2,elu,L1,before_activation,1,L1L2,cutmix,0.0089234441496,he_normal,L1,0.0001059103756,ReduceLROnPlateau,2.669327825683,True,0.7939628397922,2,11,194,1142,Adam,0.6188826380315,False,True,False,True,True,2.45276698e-05,0.0052391909394,,,,,0.9452095885462,1248.0,,,3.0,78.0,True,96.0,
ordinal,none,none,none,1,none,cosine,0.1,100,True,0.0,2.0,1.0,2,none,L1L2,after_activation,242,none,cutout,0.6802078130919,he_uniform,none,0.0003558878001,ReduceLROnPlateau,2.6343386585109,True,0.4533211249182,8,20,21,636,RMSprop,0.0042124791203,True,True,False,False,True,0.0005042231185,0.0001633288736,0.3106344825061,,,,0.8312246716864,1.0,,,,,,9.0,
ordinal,none,none,none,1,none,cosine,0.1,100,True,0.0,2.0,1.0,2,selu,none,before_activation,40,L2,none,0.1841095711704,orthogonal,L1L2,0.0064571754801,PolynomialDecay,2.2894223923076,True,0.6431890540133,4,4,164,19,Adagrad,0.3648653689318,False,True,False,True,False,,,,,,,,55.0,0.0001175437641,,2.0,79.0,True,,
ordinal,none,none,none,1,none,cosine,0.1,100,True,0.0,2.0,1.0,2,elu,none,before_activation,6,L1L2,mixup,0.3918954922281,random_normal,L1,3.9522149e-05,CosineDecay,0.6736750917924,False,0.3323383379093,9,8,2132,3,Adamax,0.974582121964,False,True,False,False,False,0.0354971054865,0.0002241386174,,0.0289759219914,,,,29.0,,,,,,,
ordinal,none,none,none,1,none,cosine,0.1,100,True,0.0,2.0,1.0,2,sigmoid,L1L2,before_activation,2,L1L2,cutout,0.0833501725017,glorot_normal,L1L2,0.0321196799154,InverseTimeDecay,0.3939561143336,False,0.5405215158178,3,11,13,2759,Adam,0.2072050054178,True,True,True,False,True,7.38262096e-05,0.0556348513775,0.6179224558332,,,,0.9154546408189,2.0,,False,,,,73.0,
ordinal,none,none,none,1,none,cosine,0.1,100,True,0.0,2.0,1.0,2,tanh,L1L2,before_activation,31,none,mixup,0.4845366166893,truncated_normal,none,1.20584458e-05,ExponentialDecay,1.1152899810281,True,0.6503194445401,10,18,2785,166,SGD,0.3281530415011,False,True,True,False,True,,0.000924163793,,,,,0.8483342166748,11021.0,,False,,,,67.0,
ordinal,none,none,none,1,none,cosine,0.1,100,True,0.0,2.0,1.0,2,none,L1,before_activation,79,L1L2,cutout,0.3675980715757,random_normal,L1,2.22638791e-05,ExponentialDecay,1.6510237381249,True,0.6508394772498,4,4,6,12,AdamW,0.1140653356709,True,True,True,False,True,2.41520119e-05,0.0021505268391,0.8193958042193,,,,0.9603057176791,374.0,,False,,,,17.0,
ordinal,none,none,none,1,none,cosine,0.1,100,True,0.0,2.0,1.0,2,relu,L1,before_activation,48,none,mixup,0.2458181132222,glorot_uniform,L1L2,0.2195541891018,none,2.1863753534891,False,0.621746898395,8,17,174,24,Nadam,0.5004003803145,True,True,True,True,False,0.0003845672577,0.0001557765696,,,,,,,,True,4.0,8.0,True,,0.3592584645226
ordinal,none,none,none,1,none,cosine,0.1,100,True,0.0,2.0,1.0,2,gelu,L2,before_activation,1,L2,mixup,0.85502410386,glorot_normal,L1,1.26659422e-05,PolynomialDecay,1.5092496571923,False,0.3901822776252,10,6,130,1,Ftrl,0.400672239761,False,True,False,False,True,,,,,,,,41.0,0.0008479809272,,,,,12.0,
ordinal,none,none,none,1,none,cosine,0.1,100,True,0.0,2.0,1.0,2,tanh,L2,off,258,L1L2,none,0.279375118831,variance_scaling,L1,0.0028483283903,InverseTimeDecay,2.6386203871237,False,0.4617451932254,2,4,101,2,AdamW,0.4043834050248,False,True,True,False,True,0.0024453988628,0.0134501083901,,,,,0.834032968023,290096.0,,True,,,,75.0,0.1007784354966
ordinal,none,none,none,1,none,cosine,0.1,100,True,0.0,2.0,1.0,2,selu,L2,off,15,L1,mixup,0.6027051901248,orthogonal,L2,0.8103861965288,ReduceLROnPlateau,1.2750749138645,True,0.2760026637359,9,3,23,1,AdamW,0.4215284643568,True,False,True,True,False,0.0104370528392,0.0043681921041,,,,,0.8082549758074,2000.0,,False,0.0,5.0,True,,
ordinal,none,none,none,1,none,cosine,0.1,100,True,0.0,2.0,1.0,2,none,L1,before_activation,1,L1L2,mixup,0.8673999458237,truncated_normal,none,0.0014186997051,InverseTimeDecay,0.8279100011624,True,0.5299376944851,9,17,1,5,Adagrad,0.7020946454171,False,False,False,False,True,,,,,,,0.9137397778541,33.0,,,,,,19.0,
ordinal,none,none,none,1,none,cosine,0.1,100,True,0.0,2.0,1.0,2,tanh,L1L2,off,84,none,mixup,0.6281877984194,orthogonal,L2,1.4705393e-06,ReduceLROnPlateau,0.3977400166066,True,0.4503495527771,7,5,46,2,Nadam,0.451913152451,False,False,False,True,True,1.01314864e-05,0.0020524779975,,,,,0.9855482736732,1195.0,,,4.0,5.0,True,26.0,
ordinal,agglomerator,none,std,,none,,0.4468834021487,,True,,,,,softplus,L1L2,after_activation,19,L1,none,0.618648474211,random_uniform,none,9.1660537e-06,CosineDecayRestarts,2.2365046689365,False,0.2173512840488,7,5,48,5,AdamW,0.2605808175886,False,True,False,False,False,0.0149286960407,0.1360283295703,,0.6748640320885,1.0654272432892,0.7658991428162,,187.0,,,,,,,
onehot,ka_nystroem,none,none,161,none,cosine,,,,,,,,softmax,none,before_activation,11,none,mixup,0.7050505312953,orthogonal,L1L2,0.0001446726198,PolynomialDecay,1.6990941971191,True,0.327941945916,7,18,3,241,AdamW,0.4931166625817,True,True,True,True,False,7.35576673e-05,0.0540872075179,,,,,,235548.0,4.20945427e-05,False,5.0,70.0,True,,
onehot,pca,selectp,none,,none,,,80,,,,,,softplus,L1L2,off,31,none,cutmix,0.5849438993622,random_uniform,none,0.0008419738245,PolynomialDecay,2.1670905439243,False,0.2744538642094,7,16,268,164,Adadelta,0.9456889724129,False,True,True,False,True,0.0063211280915,,,,,,,23.0,4.71236943e-05,False,,,,2.0,
none,agglomerator,selectp,minmax,,none,,0.5818826135571,36,,,,,,gelu,L1,after_activation,7,L1,mixup,0.3682395727446,glorot_uniform,L1,1.5484341e-06,PolynomialDecay,1.638785952685,False,0.2507078502879,7,13,27,29,RMSprop,0.4711672472959,True,False,False,False,False,0.0677756112886,0.0003209596886,,,,,,9.0,9.48921152e-05,,,,,,
none,fastica,none,minmax,,none,,0.9954610547107,,,,,,,softmax,none,off,4,L1,cutout,0.2105906341226,glorot_uniform,L1L2,9.9833174648084,none,0.9196623704783,False,0.2220060604897,10,19,826,2460,Ftrl,0.1390116975085,False,False,True,False,True,,,0.5913088076561,,,,,,,True,,,,67.0,0.7091198133862
none,lda,none,none,,poly,,0.0101614676109,,,,,,2,softsign,L1L2,off,288,L1,mixup,0.8610074711434,random_uniform,none,1.3837727314852,none,2.2161237215964,False,0.5246341833124,9,13,1300,2005,Adamax,0.8234514950864,False,False,False,False,False,1.35752049e-05,0.0014264511684,,,,,,,,,,,,,
ordinal,ka_nystroem,selectp,minmax,661,none,rbf,,46,,,,0.0001912916474,,selu,L1,off,151,L1,mixup,0.5811577456804,orthogonal,L1L2,8.23648221e-05,InverseTimeDecay,0.9527233260537,True,0.6926087307885,6,5,11,78,Adadelta,0.9174788726638,True,True,False,False,False,0.1022841919908,,,,,,0.9435228067395,1.0,,,,,,,
ordinal,kernel_pca,selectp,minmax,,none,poly,0.4305987993516,67,,65.5937170689075,4.0,44481.27214872883,,selu,L1L2,after_activation,7,L1L2,cutmix,0.0062756689445,truncated_normal,L1,0.0001679672227,none,1.6343712343109,True,0.6840778863517,3,2,5,625,Adadelta,0.3404901716484,True,False,True,False,False,0.0001813921986,,,,,,,,,False,,,,,
ordinal,agglomerator,selectp,none,,none,,0.432604761194,57,,,,,,tanh,L1,before_activation,6,L1,cutout,0.3383888150177,glorot_normal,L2,6.5905590713146,none,2.5226871862292,False,0.2252088685642,2,4,495,2,Adadelta,0.0220695939413,True,True,False,False,True,0.0135963607768,,0.8060767288291,,,,,,,,,,,50.0,
onehot,pca,none,std,,none,,,,False,,,,,sigmoid,L1L2,off,111,L1L2,mixup,0.0370728886751,orthogonal,L1,2.95646979e-05,ExponentialDecay,2.6490081268939,True,0.3125506342753,9,13,2262,48,RMSprop,0.8057059671007,False,True,True,False,False,0.0002969624302,0.0023003801466,,,,,0.8897122635699,11.0,,True,,,,,0.3517813678277
none,fastica,selectp,minmax,,none,,0.054940414115,97,,,,,,softmax,L2,after_activation,123,none,cutmix,0.771544711926,glorot_uniform,none,0.1132365969065,InverseTimeDecay,1.4110714771814,False,0.2675986303369,5,1,27,248,Nadam,0.3251011791905,True,False,True,True,False,0.0416688221612,0.000133321131,,,,,0.8994171780833,101109.0,,False,2.0,65.0,True,,
ordinal,lda,selectp,none,,poly,,0.1840511473312,76,,,,,2,softplus,L1,before_activation,1,L1L2,cutmix,0.1986870719669,glorot_normal,L1,0.0001337696968,CosineDecay,1.1263434094727,True,0.3541251707854,7,10,4,1739,Adagrad,0.547739904794,False,True,True,True,False,,,,0.3162207454998,,,,526513.0,,False,4.0,26.0,True,,
onehot,kernel_pca,selectp,minmax,,none,cosine,0.5676115451016,33,,,,,,elu,L2,before_activation,202,L1,mixup,0.4851964345186,random_uniform,L1L2,0.0046057684795,CosineDecay,0.4600583374517,False,0.3726829514046,8,15,10,1,Adagrad,0.7846377309508,False,False,False,False,False,,,,0.7353248807222,,,,144948.0,,,,,,,
ordinal,lda,none,none,,none,,0.2567007200299,,,,,,,relu,L2,before_activation,16,L2,cutmix,0.180565726772,truncated_normal,L1L2,2.8394144014209,CosineDecay,2.7127621958721,True,0.3093695896023,10,3,15,3,Adamax,0.4767983197722,True,False,True,True,True,3.86610269e-05,0.0044229569573,,0.8476257958301,,,,46972.0,,False,4.0,27.0,True,85.0,
onehot,ka_nystroem,selectp,std,737,none,poly,,53,True,9.7023278065288,2.0,0.0027948541157,,softplus,L1,after_activation,1,L1L2,mixup,0.5745386765058,random_normal,L1,9.163662e-06,CosineDecayRestarts,2.3657150503061,True,0.6195208794607,5,15,4,1451,SGD,0.292398364561,False,True,True,True,True,,0.0002193555451,,0.3079667150169,1.014085221718,0.3579372083982,,55.0,,True,5.0,92.0,True,79.0,0.229599649617
onehot,kernel_pca,none,none,,none,sigmoid,0.3431912710271,,,55.6010996166194,5.0,1.73508221e-05,,elu,L2,off,48,L1L2,cutout,0.5866940472238,random_uniform,none,0.0041971451787,ExponentialDecay,1.3781160237626,False,0.4376646453546,5,16,38,3832,Nadam,0.8566267451923,False,True,False,True,False,0.0221255320941,0.0844182786106,0.6741655587799,,,,0.9038104072991,112.0,,,3.0,95.0,False,,
onehot,fastica,selectp,minmax,,none,,0.961875551402,10,,,,,,softplus,L1,off,7,none,mixup,0.6882910612816,variance_scaling,L2,0.6389152903246,ReduceLROnPlateau,1.4689644374295,True,0.2319504801118,5,9,4,24,Adadelta,0.9230812556318,False,False,False,True,True,2.72705397e-05,,,,,,0.8131521295532,8.0,,,5.0,71.0,True,34.0,
none,agglomerator,selectp,minmax,,poly,,0.8054342330675,97,,,,,2,tanh,L1L2,off,357,L2,none,0.8875327899691,random_normal,L2,0.0008128802581,ReduceLROnPlateau,0.4423968598357,False,0.4657020036323,9,16,843,1,Adadelta,0.8404988830858,False,False,True,False,False,0.0001484426164,,,,,,0.9529060071152,28.0,,True,,,,,0.184109994843
ordinal,agglomerator,selectp,minmax,,none,,0.8484492423973,82,,,,,,softmax,L1,before_activation,1,L1,none,0.3844237101424,truncated_normal,L1,1.760904e-06,InverseTimeDecay,2.6938420894722,False,0.302884901538,3,18,1,3,Adamax,0.6274197062884,True,True,False,True,True,0.00026368557,0.0015972662476,,,,,0.8194246250173,88.0,,,2.0,80.0,True,80.0,
onehot,none,none,std,,none,,,,True,,,,,gelu,none,before_activation,35,L1L2,mixup,0.106916652299,glorot_normal,none,5.9175034e-06,ExponentialDecay,1.7299680858655,False,0.3266900867893,5,7,25,194,Adadelta,0.7279354266275,False,False,True,False,False,0.0001786072776,,,,,,0.9218604087833,937137.0,,True,,,,,0.3696160826183
onehot,none,none,minmax,,poly,,,,,,,,2,softplus,none,after_activation,511,none,cutout,0.0700395552526,random_normal,L2,0.0005570536962,CosineDecay,1.382686924515,False,0.3923496721473,2,19,8,1,Adadelta,0.1636117638855,False,True,False,True,False,0.0105042307426,,0.8367454936334,0.9391799485318,,,,8289.0,,,5.0,34.0,False,,
onehot,pca,none,none,,none,,,,,,,,,softplus,L1L2,before_activation,2,L2,none,0.3044238906102,he_uniform,L1,0.0009291362292,CosineDecayRestarts,2.3465627696574,True,0.7108551452904,9,10,23,7,Ftrl,0.1325936514351,True,False,False,True,True,,,,0.0161161731637,1.2248004671954,1.7227316187938,,2645.0,,,2.0,14.0,True,54.0,
none,none,selectp,std,,poly,,,83,True,,,,2,none,none,off,7,L1L2,mixup,0.4616182986057,glorot_normal,L2,2.4761027269291,PolynomialDecay,0.5768696705823,True,0.4910609917287,7,7,362,652,Nadam,0.0478728329621,False,False,True,True,False,0.132574790848,0.025048897708,,,,,,133.0,9.9012392e-06,True,0.0,50.0,False,,0.6803077438138
none,none,selectp,minmax,,none,,,21,,,,,,relu,none,off,26,L1L2,none,0.7193489523869,random_normal,L1,0.0004049121886,InverseTimeDecay,1.5989387693427,False,0.2090427659003,4,17,113,2981,AdamW,0.4752276631981,True,False,False,True,True,8.2635809e-05,0.0333191206327,,,,,0.9148265716887,13.0,,,0.0,62.0,True,81.0,
none,none,none,minmax,,poly,,,,,,,,2,selu,L1L2,after_activation,1,none,cutout,0.1634814318426,truncated_normal,L1,0.1178231443201,InverseTimeDecay,1.8269339370918,False,0.7727511813963,7,11,646,9,Adamax,0.3478520518897,False,False,False,True,True,8.63822389e-05,0.0167162418696,0.6838389699586,,,,0.9190468948447,154603.0,,,2.0,60.0,False,83.0,
onehot,ka_nystroem,none,none,285,none,rbf,,,,,,0.0250481457554,,elu,L1L2,before_activation,105,L1,cutmix,0.1387858759494,random_uniform,L1,0.0203025731979,CosineDecayRestarts,1.0913371341801,True,0.2755472250163,4,14,95,1914,Ftrl,0.0224082183021,True,False,False,False,True,,,,0.4170801064995,1.2652469884326,1.4449709748814,,51416.0,,,,,,12.0,
onehot,fastica,selectp,minmax,,poly,,0.2655297512165,95,,,,,2,gelu,L2,before_activation,390,L1,cutmix,0.4735762001177,random_uniform,L1L2,1.8587958e-06,PolynomialDecay,2.4145109060936,False,0.7312595094376,6,15,5,9,Ftrl,0.1860793922079,True,False,True,False,False,,,,,,,,1889.0,0.0007582600356,True,,,,,0.78588432715
onehot,ka_nystroem,none,std,154,none,sigmoid,,,True,3.9539376968632,2.0,0.0070037983143,,selu,none,off,23,L1L2,mixup,0.1342843341212,glorot_normal,none,0.0016635658661,PolynomialDecay,2.8324866775762,True,0.5341304024105,6,16,1523,105,Nadam,0.1503216254147,True,True,False,True,True,0.0018075961202,0.0001686992538,,,,,,3.0,0.0007166074359,,3.0,45.0,True,97.0,
none,pca,none,minmax,,none,,,,,,,,,sigmoid,L1L2,before_activation,60,L2,none,0.6274062676931,he_normal,L1,0.0510292514947,ExponentialDecay,2.0039226384219,False,0.5735991581952,5,12,2808,242,Adamax,0.5794554148168,True,True,True,True,False,1.0539289e-05,0.0547320030222,,,,,0.9471897844165,18613.0,,False,5.0,100.0,False,,
none,ka_rbf,none,std,549,none,,,,False,,,0.0002883490891,,none,L2,after_activation,7,none,cutout,0.1255195292407,variance_scaling,L2,0.0001475946309,none,2.0670586094978,True,0.6079999132772,6,12,4,2552,RMSprop,0.1905752071005,False,True,True,True,True,3.33256087e-05,0.0137351466863,0.7149429207163,,,,,,,False,2.0,79.0,False,10.0,
none,lda,selectp,std,,poly,,0.0317895136022,32,True,,,,2,none,L1,off,10,L2,none,0.6159411679781,glorot_uniform,L1,0.1419605279502,ExponentialDecay,2.7966788939036,True,0.4413746073798,7,19,127,74,Adadelta,0.1839257005295,False,True,False,False,False,1.48964096e-05,,,,,,0.9120537605831,29.0,,,,,,,
ordinal,ka_nystroem,selectp,std,549,none,rbf,,14,False,,,460.6555376168692,,softsign,L1,after_activation,20,L1,mixup,0.8465284729382,glorot_normal,L1L2,3.5003372617734,CosineDecay,1.6991065834041,False,0.4187250499065,9,18,1,1,Adadelta,0.918565525141,False,True,False,True,False,0.0022518567075,,,0.3661530187896,,,,243368.0,,,3.0,78.0,False,,
none,pca,selectp,none,,none,,,80,,,,,,elu,L1,after_activation,8,L1,none,0.3605608131068,he_uniform,L2,7.81879739e-05,CosineDecayRestarts,0.6450988214371,False,0.220633436088,9,5,18,253,Adam,0.9099666957341,False,False,False,True,True,0.0002911030033,0.0017764750039,,0.8270152408133,1.4096325333987,2.9138958939583,,405.0,,,0.0,55.0,False,44.0,
ordinal,fastica,none,none,,none,,0.2238805438294,,,,,,,elu,none,after_activation,8,L1L2,cutmix,0.1167806325123,he_normal,none,0.0129953642927,ExponentialDecay,2.5752420897102,True,0.7762603075472,3,6,6,70,Adadelta,0.1467395598667,False,False,False,True,False,0.0274457424594,,,,,,0.8935656979936,318.0,,,4.0,39.0,True,,
onehot,fastica,none,none,,poly,,0.8065063246968,,,,,,2,softsign,none,after_activation,1,L2,cutmix,0.8827507357367,random_uniform,L1L2,1.2530589e-06,ReduceLROnPlateau,2.8489069305189,False,0.7706422033511,5,6,2084,9,RMSprop,0.1259487524088,True,False,False,True,False,0.00019344714,0.0023094620535,,,,,0.8142198156454,12.0,,,1.0,99.0,False,,
onehot,ka_nystroem,none,none,722,none,rbf,,,,,,4093.4496252707654,,gelu,L1L2,after_activation,31,L1,cutmix,0.5046519888848,variance_scaling,none,0.0269817320068,PolynomialDecay,0.9280216834203,True,0.4768393591286,8,5,92,109,Ftrl,0.1140031636741,True,False,True,False,False,,,,,,,,289407.0,0.0002109151879,False,,,,,
onehot,fastica,none,std,,none,,0.5696956005635,,False,,,,,relu,L1L2,off,1,L1,none,0.5685908369482,glorot_normal,L1L2,0.0037899626412,ReduceLROnPlateau,0.8569720034833,True,0.5042919424057,4,4,375,182,SGD,0.369623392893,True,True,False,False,False,,0.0018565328017,,,,,0.937190605572,211.0,,,,,,,
none,kernel_pca,selectp,std,,none,poly,0.9833715688118,31,True,23.1866171534694,5.0,129.0066613969711,,relu,L1L2,after_activation,205,L2,cutmix,0.738722045477,truncated_normal,L1,0.0004628368596,CosineDecay,1.7372657056755,True,0.4017340896881,5,3,37,233,RMSprop,0.4158974759614,False,False,True,False,True,0.0153102916341,0.0068107934626,,0.7905976465185,,,,933570.0,,True,,,,93.0,0.6119718578779
ordinal,ka_nystroem,none,minmax,757,none,poly,,,,41.9916876800488,4.0,51.9428963515975,,softsign,L1L2,after_activation,5,none,cutmix,0.6249914948486,he_normal,L1L2,2.1290821740909,CosineDecayRestarts,1.1076175984361,True,0.3126287373973,6,2,44,812,Adam,0.424408611291,True,False,True,False,False,2.35229013e-05,0.0287834259837,,0.3502456025546,1.5218341912881,0.6087929985639,,65.0,,True,,,,,0.50298805808
none,agglomerator,none,std,,none,,0.419732204576,,True,,,,,gelu,none,off,96,L1L2,mixup,0.3962467749648,he_normal,L1L2,3.8621846000707,none,2.5943349905746,True,0.2501405587996,4,20,34,1421,Adamax,0.3416104677977,False,False,True,True,False,0.1759202861471,0.0021488925628,,,,,,,,True,3.0,51.0,True,,0.2900752520717
onehot,ka_rbf,selectp,std,463,none,,,79,True,,,2221.2388548913364,,softplus,none,before_activation,1,L1,cutout,0.4631063005283,he_uniform,L2,0.0002360916155,none,1.5378049295629,True,0.763645349833,6,19,1,167,Adagrad,0.1300780033698,False,True,True,True,True,,,0.355082401012,,,,,,,True,1.0,99.0,False,100.0,0.3416874494198
none,agglomerator,none,std,,none,,0.968745678803,,False,,,,,gelu,L2,off,21,L1,cutout,0.5004696073896,variance_scaling,L2,0.0053170618788,ExponentialDecay,0.9327529924849,False,0.2125452780032,7,10,3332,529,Adadelta,0.2023463319179,True,False,False,True,True,6.45108218e-05,,0.9974253991126,,,,0.9656271232932,101.0,,,2.0,94.0,False,42.0,
none,fastica,selectp,none,,poly,,0.4564941354112,69,,,,,2,relu,none,after_activation,88,L1L2,cutout,0.4008243714872,he_uniform,none,4.2312832e-06,InverseTimeDecay,0.3017095733332,True,0.5073777136769,3,5,49,849,Nadam,0.632759953014,True,False,True,True,True,0.0154028414202,0.0007234476918,0.3280864160799,,,,0.8743487767516,28329.0,,False,2.0,4.0,True,18.0,
none,ka_rbf,none,minmax,271,none,,,,,,,3.16638531e-05,,none,L1L2,after_activation,2,L2,none,0.6388074894374,truncated_normal,L1L2,0.005316549159,CosineDecay,0.5779267310809,False,0.6084039930138,9,19,18,3135,Adamax,0.1878822928616,False,True,True,False,False,0.0012476472447,0.0002277649139,,0.4419078454517,,,,88718.0,,True,,,,,0.8584547037104
onehot,none,selectp,minmax,,poly,,,24,,,,,2,tanh,L2,after_activation,249,none,mixup,0.4189598438381,truncated_normal,L1L2,1.4389346835885,PolynomialDecay,1.2649774135996,True,0.7453030052381,9,13,1172,387,Adagrad,0.9225015499364,True,True,True,True,False,,,,,,,,10.0,4.9232312e-06,False,2.0,49.0,True,,
onehot,ka_rbf,selectp,std,236,none,,,53,False,,,0.2205626637093,,softsign,L2,after_activation,20,L1L2,none,0.2044471222168,glorot_normal,L2,2.53561158e-05,none,2.6816292183532,True,0.6243520014404,7,1,41,46,Nadam,0.3939739151785,True,True,False,True,True,0.0075968341452,0.0024321050038,,,,,,,,,3.0,6.0,False,33.0,
onehot,ka_nystroem,none,minmax,401,none,poly,,,,34.5942787642377,2.0,0.0038773588604,,selu,L2,before_activation,190,none,none,0.2373591646794,truncated_normal,none,2.1728307e-06,CosineDecayRestarts,1.3000027469886,True,0.4337048758129,9,17,1,255,RMSprop,0.142145430922,False,False,False,True,False,0.0003263400776,0.0757178345091,,0.8770293363205,1.6240739039578,0.2024740665356,,85777.0,,,5.0,89.0,True,,
ordinal,pca,selectp,std,,none,,,59,False,,,,,sigmoid,L1L2,off,2,L1L2,cutout,0.7682877615473,glorot_uniform,L2,0.000558060617,InverseTimeDecay,0.6645562953658,True,0.2282590235686,5,19,1,3143,RMSprop,0.4977315136967,True,True,True,False,True,0.0159284756656,0.0003828915724,0.8792597898484,,,,0.8761282863784,417.0,,False,,,,12.0,
none,kernel_pca,selectp,std,,none,rbf,0.0976925186725,91,True,,,99271.05486790702,,tanh,L1,before_activation,12,L2,mixup,0.1306223958226,variance_scaling,L1L2,2.49952223e-05,InverseTimeDecay,2.8479298940419,True,0.2328286587887,9,4,363,10,Adagrad,0.0318003715039,True,False,False,True,False,,,,,,,0.8754984347303,14.0,,,5.0,38.0,True,,
onehot,none,selectp,std,,none,,,80,False,,,,,relu,L1,off,16,L1L2,none,0.6509111952061,random_uniform,L1,9.56124089e-05,ExponentialDecay,0.542400089432,True,0.2386152116688,10,7,12,3,Ftrl,0.0627285530272,True,False,False,True,False,,,,,,,0.8017006973463,51499.0,,,3.0,19.0,True,,
none,ka_nystroem,selectp,minmax,53,none,rbf,,71,,,,1.671625e-06,,relu,none,after_activation,103,L1,cutout,0.6444713657205,he_normal,L1L2,0.0001800518667,PolynomialDecay,1.130673294507,False,0.7790073515134,2,11,1894,2,Adamax,0.4438527217981,True,False,False,False,False,0.1344347537985,0.0009053128597,0.0209372991503,,,,,81.0,0.0002858899824,,,,,,
ordinal,ka_rbf,none,minmax,535,none,,,,,,,127.47207619459,,elu,L1L2,after_activation,3,L2,cutmix,0.3969701457695,he_normal,L2,0.000169738287,CosineDecayRestarts,1.1324606121437,False,0.2186412237547,2,6,67,212,Nadam,0.8601325286548,True,False,True,True,True,0.0247416772565,0.0147960138817,,0.5450823619847,1.3077635644241,1.1874721769655,,475491.0,,False,3.0,16.0,True,69.0,
none,lda,none,none,,poly,,0.4970142563874,,,,,,2,softplus,none,before_activation,4,L1L2,mixup,0.8561095024401,random_normal,L1,0.0367926089482,none,1.4031064476738,False,0.254478494044,4,8,3169,486,RMSprop,0.988034919966,True,True,True,True,False,0.0869577525165,0.0053295972217,,,,,,,,False,2.0,38.0,False,,
ordinal,ka_rbf,none,std,376,none,,,,False,,,0.0137999541748,,softplus,L2,before_activation,1,L2,cutout,0.3053088516357,variance_scaling,L1L2,4.5606627e-06,CosineDecayRestarts,2.0294313805002,False,0.3133714277569,4,9,6,3,Nadam,0.5775492403417,False,False,True,True,False,5.77108311e-05,0.0309438077341,0.5230112282353,0.8758218689654,1.8923923138565,1.8208960031407,,371923.0,,True,2.0,83.0,False,,0.8640172779696
ordinal,pca,none,none,,none,,,,,,,,,elu,L1L2,before_activation,195,none,mixup,0.6646594346102,he_normal,L1,0.1052314883477,PolynomialDecay,0.6242522114475,True,0.5605707783229,3,1,210,3520,RMSprop,0.3962313104,False,True,False,False,True,0.0116379360928,0.0004396396536,,,,,,24.0,0.0002107315662,,,,,19.0,
onehot,ka_rbf,selectp,none,568,none,,,86,,,,0.0050912895386,,softmax,L2,before_activation,55,L1,none,0.79155470067,orthogonal,none,9.41336983e-05,InverseTimeDecay,1.6980964667608,False,0.582312301159,2,18,1,1874,Nadam,0.5606745046962,False,True,True,False,True,0.0402885258683,0.1053062706608,,,,,0.9436709413794,667414.0,,True,,,,98.0,0.6605037944462
onehot,lda,none,none,,poly,,0.712922676425,,,,,,2,elu,L2,off,2,L2,cutmix,0.5215991511458,random_uniform,L2,4.6929872e-06,CosineDecayRestarts,0.582405086026,True,0.5354431192905,10,13,592,64,Ftrl,0.3833689199321,False,False,True,False,True,,,,0.0792220925707,1.8430859928913,1.9574895292997,,32803.0,,True,,,,36.0,0.5695412224408
none,lda,none,minmax,,poly,,0.4201368424239,,,,,,2,tanh,none,off,9,none,none,0.3270794216318,truncated_normal,L1L2,0.00307183015,InverseTimeDecay,0.8077283249252,False,0.4485849730642,6,9,1298,96,Adam,0.2876394235098,True,True,False,False,False,0.0171874391229,0.0622740905314,,,,,0.8634422740579,15.0,,,,,,,
onehot,ka_rbf,selectp,std,418,none,,,18,False,,,27.7436010823717,,relu,none,off,10,L1,mixup,0.073310436707,random_normal,L1L2,0.0920541151003,none,1.2590436073806,False,0.7951033994421,7,1,8,2,RMSprop,0.7353145134446,True,False,True,True,False,0.003978027343,0.019536744937,,,,,,,,False,1.0,19.0,True,,
ordinal,pca,selectp,none,,none,,,1,,,,,,sigmoid,L2,after_activation,391,L1,mixup,0.8845588292881,variance_scaling,L1,0.0526707922483,InverseTimeDecay,1.8037310107731,False,0.2435692613186,8,7,77,37,AdamW,0.2088533321172,True,True,False,False,True,0.0007196444611,0.0064785112082,,,,,0.8373875481339,4382.0,,,,,,86.0,
onehot,pca,selectp,none,,none,,,86,,,,,,none,L2,off,409,L2,none,0.3860182510363,orthogonal,L2,0.0021713409425,ReduceLROnPlateau,1.6588757724579,False,0.3231734734969,7,17,113,54,Ftrl,0.1158975677893,True,False,True,False,True,,,,,,,0.9765029838305,14.0,,True,,,,43.0,0.2776475159921
onehot,ka_rbf,none,minmax,699,none,,,,,,,7.28655e-06,,none,L2,off,2,none,cutout,0.0921295295639,truncated_normal,none,0.0439239030859,CosineDecay,1.5421540560406,False,0.4829066520848,7,10,7,46,SGD,0.8211846181565,True,True,False,True,False,,0.0007262479159,0.2877571743198,0.5555431107643,,,,6503.0,,,1.0,3.0,False,,
onehot,ka_rbf,none,minmax,857,none,,,,,,,1.5490508e-06,,softmax,L1L2,off,214,L2,none,0.454460327832,glorot_normal,L1L2,0.0635306452172,PolynomialDecay,1.4588671729304,True,0.4131654736124,10,4,16,83,Ftrl,0.0534282608751,True,False,False,False,True,,,,,,,,293.0,4.1423101e-05,,,,,81.0,
ordinal,none,none,minmax,,none,,,,,,,,,softplus,L2,before_activation,5,L2,cutmix,0.4337513729752,random_uniform,L1L2,1.4785873e-05,PolynomialDecay,1.2260675870238,False,0.4900937205733,6,11,154,696,AdamW,0.0856310932059,True,True,False,False,False,0.0484449496671,0.0001205103864,,,,,,175907.0,0.0004519184039,,,,,,
onehot,pca,none,minmax,,none,,,,,,,,,tanh,L1,after_activation,1,L2,mixup,0.3465681560408,glorot_uniform,L2,0.4452791734815,CosineDecay,0.4640558323116,False,0.5860005310109,9,8,21,12,Adamax,0.4369386182726,False,False,False,False,True,0.0002165809054,0.153942313812,,0.5186769932548,,,,40.0,,,,,,89.0,
onehot,kernel_pca,selectp,minmax,,none,sigmoid,0.7993875597679,100,,84.5568519120075,4.0,0.2864529103542,,gelu,none,after_activation,1,L1L2,none,0.7721560539645,he_uniform,L2,2.39438002e-05,CosineDecay,1.9143381633877,True,0.6465229396903,7,8,43,4,Adam,0.9998014490331,False,False,True,True,False,0.0002660420292,0.004371501022,,0.4437756518009,,,,4.0,,True,2.0,10.0,True,,0.1328213308759
onehot,pca,selectp,none,,none,,,1,,,,,,softplus,none,after_activation,376,none,cutout,0.8799922435256,he_normal,none,0.0021146226913,ExponentialDecay,1.6483021139212,False,0.3152685262156,10,10,28,339,AdamW,0.1070394990596,True,True,False,False,False,6.93902357e-05,0.0695313845048,0.1987165294659,,,,0.9808513556827,65062.0,,,,,,,
onehot,fastica,none,minmax,,poly,,0.8621293004499,,,,,,2,gelu,L1L2,after_activation,2,none,cutmix,0.8441556854545,truncated_normal,L1,0.0058983366754,InverseTimeDecay,1.6154574868246,False,0.7306710178497,5,20,6,13,Adagrad,0.3794505667219,False,False,True,False,True,,,,,,,0.9421611872311,38861.0,,True,,,,77.0,0.8399422397422
onehot,none,none,none,,poly,,,,,,,,2,relu,none,after_activation,83,L1L2,mixup,0.1732974604254,he_normal,none,0.0074256354895,CosineDecay,2.2665728115138,False,0.6984363986832,9,19,11,1,Adam,0.0988906031272,True,False,True,True,False,0.0012644752554,0.1345707904819,,0.7832754906932,,,,75.0,,False,1.0,27.0,True,,
ordinal,ka_rbf,none,none,718,none,,,,,,,23.4005569735025,,softplus,L1,off,292,none,mixup,0.5524563637778,variance_scaling,L2,0.0047201567891,ReduceLROnPlateau,2.0652445070514,False,0.2748406193561,7,14,3965,2698,Ftrl,0.4411841329687,False,True,True,True,False,,,,,,,0.8459376680936,4824.0,,False,4.0,53.0,False,,
none,ka_rbf,selectp,std,292,none,,,53,False,,,0.3126987287111,,softsign,L1L2,before_activation,503,none,mixup,0.0910819151464,random_uniform,none,0.0613612549751,ExponentialDecay,1.7149954845627,False,0.6167504774094,5,9,834,2390,Nadam,0.341347486377,True,True,False,False,False,0.0012149928966,0.0033534461644,,,,,0.8387572785844,266.0,,,,,,,
onehot,kernel_pca,selectp,std,,none,sigmoid,0.197418492785,87,False,68.082784609743,5.0,16358.315953866919,,relu,L1L2,before_activation,37,none,mixup,0.0549895776724,variance_scaling,L2,7.7086885e-05,CosineDecayRestarts,0.332252880574,True,0.6175941752133,10,11,1,16,RMSprop,0.628210475126,False,True,True,True,True,0.0045185198718,0.0001352509093,,0.3964077624661,0.5014248482331,1.3271529012563,,4840.0,,False,5.0,28.0,True,24.0,
onehot,none,selectp,none,,poly,,,21,,,,,2,softsign,L1L2,after_activation,42,L1L2,cutout,0.78677536367,he_uniform,none,1.93256854e-05,ExponentialDecay,2.8727125584626,True,0.3054152398651,6,13,12,7,Ftrl,0.9560388003442,True,True,False,True,False,,,0.9926350211352,,,,0.9380989090014,4.0,,,0.0,13.0,False,,
onehot,kernel_pca,none,std,,none,rbf,0.3847951362399,,True,,,4.72989276e-05,,none,L1,before_activation,509,L1L2,cutout,0.3307981173291,glorot_uniform,L1L2,0.000142674651,ReduceLROnPlateau,1.9423552070572,False,0.4152619591548,10,20,339,2,RMSprop,0.1971893358823,True,False,False,True,True,0.0016193421468,0.0091129835543,0.3140635043993,,,,0.8831423061791,25417.0,,,2.0,16.0,True,5.0,
none,kernel_pca,selectp,none,,none,poly,0.5221398345895,27,,18.832241417901,4.0,368269.98963573686,,gelu,L2,off,387,L2,cutmix,0.6564574117065,truncated_normal,L2,2.4900831e-06,none,2.1983815394435,False,0.5299089039798,3,3,44,1954,Adagrad,0.5813090800377,False,True,True,True,True,,,,,,,,,,False,3.0,31.0,True,81.0,
none,ka_rbf,selectp,std,634,none,,,23,True,,,2.71161222e-05,,none,L2,after_activation,1,L1L2,none,0.1136344682326,variance_scaling,L1,0.0045561355589,none,2.0877318352047,True,0.4616686048983,3,3,12,9,Adagrad,0.766556030213,False,True,True,True,False,,,,,,,,,,True,1.0,10.0,False,,0.679689935112
ordinal,ka_nystroem,none,std,629,none,rbf,,,True,,,5.6465202e-06,,softplus,none,after_activation,17,L2,cutout,0.1393379498287,orthogonal,L1,0.171993898221,CosineDecayRestarts,2.6856724521088,False,0.5626078686959,6,19,26,3,Adadelta,0.3334048222983,True,True,True,True,True,2.88899362e-05,,0.104922399499,0.3132648163642,0.9594829589837,0.7846761229206,,254.0,,False,5.0,8.0,False,61.0,
ordinal,fastica,selectp,std,,poly,,0.4904384417203,54,True,,,,2,tanh,L1,off,194,L1L2,mixup,0.3932255121042,he_uniform,L1L2,9.3790646674661,PolynomialDecay,0.5685826856205,False,0.5774524671616,6,19,109,2,Adamax,0.8951675224627,True,False,False,False,False,0.0443627068051,0.0116605642042,,,,,,5723.0,3.85319104e-05,,,,,,
onehot,fastica,none,none,,poly,,0.700703631023,,,,,,2,relu,L1L2,before_activation,481,L1,cutmix,0.5743021106323,variance_scaling,none,1.4032512410578,CosineDecayRestarts,1.6971383370707,False,0.4438861453368,2,12,1,243,Adamax,0.4538113768203,False,True,True,False,False,0.009167419525,0.0010851153635,,0.2405337776781,1.276340371235,1.3594910334034,,540.0,,False,,,,,
none,lda,selectp,minmax,,poly,,0.8415111432554,16,,,,,2,none,none,before_activation,1,none,none,0.6780703208079,random_normal,L2,9.3475442e-06,ReduceLROnPlateau,1.5266873322162,False,0.5169582175765,9,20,1938,169,Adamax,0.4875601917315,False,True,True,False,False,5.86033621e-05,0.0089716020842,,,,,0.9463966634296,304702.0,,True,,,,,0.8198868220265
ordinal,kernel_pca,selectp,minmax,,none,poly,0.7416336345865,27,,22.699506572829,3.0,0.001964842223,,softplus,L1,before_activation,1,L1,none,0.8974776458749,glorot_normal,L1,7.16840948e-05,CosineDecay,2.574813134093,True,0.4082414797898,9,12,1,92,Adamax,0.9869779152796,True,False,False,False,False,8.20984392e-05,0.0032386730784,,0.6485581342231,,,,8582.0,,,,,,,
onehot,agglomerator,none,minmax,,none,,0.5162167404403,,,,,,,softsign,L2,before_activation,357,L1L2,cutout,0.4390162578907,random_uniform,none,0.0004446085689,none,2.4009910412551,True,0.330404544964,5,4,1488,64,SGD,0.1168204683993,False,False,True,False,False,,0.0018912895067,0.1636364229698,,,,,,,False,,,,,
ordinal,lda,selectp,minmax,,poly,,0.2809098561508,30,,,,,2,sigmoid,L2,before_activation,465,none,cutmix,0.8869007084694,he_normal,L1L2,0.0622093711573,PolynomialDecay,2.0820462100825,False,0.6425059623733,7,8,9,759,Ftrl,0.5469260491261,False,False,False,True,False,,,,,,,,43359.0,1.46437866e-05,,5.0,82.0,True,,
none,lda,selectp,none,,none,,0.9786013701563,12,,,,,,gelu,L1L2,before_activation,3,L2,none,0.5306732812419,random_normal,L1,7.2137904069525,InverseTimeDecay,2.4876975809258,True,0.6539815247563,7,10,1,6,Adagrad,0.814602656399,False,True,False,False,False,,,,,,,0.8908554191213,55.0,,,,,,,
ordinal,none,selectp,std,,poly,,,59,False,,,,2,relu,L1L2,before_activation,1,none,none,0.6075591793395,random_normal,L1,4.51127707e-05,ReduceLROnPlateau,2.8106069143503,True,0.4919447551897,8,11,142,2,Adadelta,0.514882934001,False,False,True,True,True,0.0060947834568,,,,,,0.9598930127851,65.0,,False,1.0,67.0,False,87.0,
onehot,kernel_pca,none,minmax,,none,rbf,0.6763386741548,,,,,3.5077520693371,,elu,L1L2,before_activation,4,L1L2,cutmix,0.319585592995,he_normal,L2,0.0462252891531,CosineDecayRestarts,1.3376123948983,False,0.6833739402273,2,2,1030,472,Adagrad,0.2994733545171,False,False,False,False,True,,,,0.2514611955505,1.2358982599138,0.3821319022908,,814.0,,,,,,74.0,
ordinal,pca,selectp,minmax,,none,,,18,,,,,,tanh,L2,off,16,none,none,0.2933123146328,orthogonal,L2,1.69238793e-05,ExponentialDecay,0.3315816016787,False,0.3777115915202,9,19,2381,204,Adadelta,0.5710855196382,False,True,True,True,False,0.0017265635207,,,,,,0.9830737626253,219541.0,,False,2.0,8.0,False,,
ordinal,lda,none,minmax,,none,,0.1057783558697,,,,,,,softplus,L1L2,before_activation,96,none,none,0.5566084757377,glorot_normal,L1L2,4.1376136e-06,PolynomialDecay,2.5639971104952,False,0.532877177979,3,14,1043,404,RMSprop,0.9906034634268,True,False,True,True,False,0.0001384259344,0.1388351557921,,,,,,2.0,4.2717547e-06,False,2.0,47.0,False,,
none,kernel_pca,none,std,,none,rbf,0.2143150200589,,False,,,0.4410369225288,,softsign,L2,after_activation,78,L1,mixup,0.7626864604286,he_uniform,L2,4.78808514e-05,CosineDecay,1.1991974596391,False,0.5820125970063,2,6,1,47,Adagrad,0.3699124533303,False,True,True,True,False,,,,0.9850001477101,,,,110458.0,,True,2.0,41.0,False,,0.8877917963138
none,ka_rbf,selectp,std,154,none,,,40,False,,,0.2786989148262,,softsign,L1,after_activation,64,L2,mixup,0.8025543994732,he_normal,none,0.0020096661527,ExponentialDecay,2.6906329484729,False,0.2080889125242,9,13,11,87,AdamW,0.2036957518228,True,False,False,True,False,0.0008411367507,0.0053524588211,,,,,0.8691051022802,4.0,,,4.0,8.0,True,,
onehot,none,selectp,none,,poly,,,61,,,,,2,tanh,L2,off,358,L1,cutout,0.5379783232238,he_normal,none,1.4297032226912,ExponentialDecay,2.2180702700493,True,0.3075362218822,10,9,825,2,Ftrl,0.3321393963596,True,False,False,True,True,,,0.821209165162,,,,0.9837861963083,22277.0,,,4.0,91.0,False,22.0,
onehot,ka_rbf,selectp,none,542,none,,,8,,,,63319.87598030063,,relu,L2,after_activation,1,L2,none,0.3201516417531,he_normal,none,0.0022357067711,none,1.7131558460659,True,0.7032069967457,6,13,781,7,Adadelta,0.4572937468327,True,True,False,False,False,1.3038811e-05,,,,,,,,,,,,,,
onehot,pca,none,none,,none,,,,,,,,,elu,L1L2,after_activation,43,L2,cutout,0.2702290574712,variance_scaling,none,1.1668437e-06,none,1.6657189898986,True,0.6163867272186,10,6,7,291,Adagrad,0.0894608352619,True,True,False,True,False,,,0.9404194946523,,,,,,,,0.0,62.0,False,,
none,ka_nystroem,selectp,none,205,none,cosine,,18,,,,,,tanh,L1L2,before_activation,2,L1,mixup,0.0491508801742,orthogonal,L2,1.3602478e-06,ReduceLROnPlateau,2.9722040639394,True,0.73657248813,8,14,366,1,Nadam,0.1685069133385,True,True,True,True,False,2.28552099e-05,0.000195084455,,,,,0.8002930968239,1.0,,False,1.0,67.0,False,,
onehot,fastica,selectp,none,,none,,0.0924696800724,78,,,,,,sigmoid,none,after_activation,98,L1L2,cutmix,0.3208024217106,orthogonal,none,0.0254337394704,InverseTimeDecay,0.6859306869446,False,0.4037760856702,7,15,1199,1,Adamax,0.750535198781,True,True,False,False,True,0.1337716459684,0.0003870744893,,,,,0.8449408319083,524.0,,,,,,85.0,
onehot,none,none,std,,poly,,,,True,,,,2,selu,L1L2,before_activation,225,L1L2,mixup,0.4068901788402,he_normal,L1L2,1.0014905361467,ExponentialDecay,1.2275432437848,True,0.6504452858718,7,18,1259,117,AdamW,0.7930390174215,True,False,False,False,False,0.0009577511423,0.0061499849206,,,,,0.9136384208128,1.0,,,,,,,
onehot,agglomerator,selectp,minmax,,poly,,0.3276960152781,40,,,,,2,elu,L1L2,before_activation,28,L1L2,none,0.1896364629416,glorot_normal,L2,4.6318719349573,CosineDecayRestarts,2.2819320079498,True,0.3382372815365,7,5,5,3143,Adagrad,0.3500513022342,False,True,True,False,True,,,,0.3679740339978,1.5004384302188,2.8593332749048,,1416.0,,True,,,,57.0,0.4837455946808
ordinal,none,selectp,none,,poly,,,11,,,,,2,relu,L1,before_activation,95,none,none,0.8297840946456,random_normal,none,0.0373885990788,PolynomialDecay,1.8222516227099,False,0.2638587709189,5,15,74,84,Adam,0.4391369891397,False,True,True,False,False,0.0662993004123,0.1453444451714,,,,,,1.0,2.4063468e-06,True,,,,,0.7934832780857
onehot,lda,none,std,,poly,,0.5973152798704,,False,,,,2,softmax,L1L2,off,1,L1L2,cutmix,0.0286132338037,orthogonal,L2,1.5550866e-06,none,2.9263285179758,True,0.7361137476623,5,9,4,194,Adagrad,0.4457907702957,False,True,True,True,False,,,,,,,,,,False,5.0,90.0,False,,
none,fastica,selectp,minmax,,poly,,0.6109022616988,88,,,,,2,softplus,L1L2,after_activation,124,none,cutmix,0.5541289456563,glorot_normal,none,5.07306e-06,ExponentialDecay,0.4925728454356,True,0.4409050358694,6,9,1118,33,Adamax,0.1742162405417,False,True,True,True,False,1.92272349e-05,0.0045201274905,,,,,0.8417552844725,11195.0,,True,1.0,54.0,False,,0.2253352137539
onehot,none,selectp,none,,none,,,88,,,,,,relu,none,after_activation,19,L1L2,cutout,0.6517599121608,he_normal,L2,3.0361762482776,none,0.3276052279348,False,0.6198045973283,7,20,90,2147,SGD,0.4306780369798,True,True,True,True,True,,0.0077490333355,0.4986463778795,,,,,,,True,0.0,56.0,True,31.0,0.3797146334154
ordinal,kernel_pca,selectp,minmax,,none,rbf,0.1265875899891,58,,,,0.0041722536368,,softsign,L1L2,before_activation,43,none,none,0.7582057201924,he_normal,L1,0.00025900874,CosineDecayRestarts,2.8800251225525,True,0.2050790238969,2,16,11,6,Ftrl,0.0746576230259,True,True,True,True,False,,,,0.3202096955132,1.6327659015801,0.3030757416809,,2188.0,,True,3.0,100.0,False,,0.2876885902258
onehot,lda,none,minmax,,poly,,0.3184718604202,,,,,,2,relu,L1L2,off,28,none,cutmix,0.8551415200412,he_normal,L1L2,0.002698068792,none,1.1704292343066,True,0.2770706186898,7,20,2,30,Nadam,0.6156708362946,False,True,False,False,False,0.0004567574095,0.0238352916364,,,,,,,,,,,,,
none,pca,selectp,none,,none,,,48,,,,,,elu,L1,off,32,L1,cutout,0.3114105646499,glorot_uniform,L1,2.22728095e-05,CosineDecay,0.5390083778327,True,0.7394023577525,5,19,385,1,Adam,0.5263431560923,True,False,False,True,True,0.0078816378763,0.1182736019159,0.807890806468,0.0707262568933,,,,59878.0,,,5.0,32.0,True,98.0,
ordinal,fastica,selectp,none,,poly,,0.871835166928,66,,,,,2,softsign,none,after_activation,304,L1,mixup,0.8974071181439,glorot_normal,none,0.0001618220364,none,0.620499226162,False,0.2391467882059,10,19,20,2458,SGD,0.1436846258226,False,True,False,False,False,,0.0007156906681,,,,,,,,,,,,,
ordinal,agglomerator,none,std,,none,,0.3760376148869,,True,,,,,softplus,L2,after_activation,12,L2,cutmix,0.273602674592,he_uniform,none,0.1046937834796,InverseTimeDecay,2.6121645776861,False,0.2075932128395,7,6,4,2182,Adagrad,0.1807974323697,True,False,True,False,False,,,,,,,0.811742361707,407109.0,,False,,,,,
onehot,lda,selectp,none,,poly,,0.6029981650091,93,,,,,2,selu,L2,before_activation,207,L1,cutout,0.6547090857677,glorot_normal,L1L2,0.001457418623,CosineDecayRestarts,1.4924608729574,True,0.7233389122672,4,15,43,9,Adam,0.1832555990395,False,False,True,False,False,4.25596657e-05,0.0091640205665,0.46625355965,0.3217927723075,1.1730727515387,2.5923639143356,,28298.0,,True,,,,,0.1789010732149
ordinal,fastica,none,none,,none,,0.8579078004486,,,,,,,sigmoid,L1L2,before_activation,1,L2,cutmix,0.0003400521938,random_normal,L1,0.0470381078146,CosineDecay,1.1050632044172,False,0.4715815325017,4,6,195,866,Adadelta,0.1029373342637,True,True,True,False,False,0.0776438285949,,,0.2434473654715,,,,3.0,,True,,,,,0.182666778176
ordinal,fastica,none,std,,poly,,0.4651065648409,,False,,,,2,elu,none,before_activation,5,L1L2,mixup,0.0871967892968,he_normal,none,1.87648307e-05,InverseTimeDecay,1.2466241460814,True,0.39256905807,6,19,248,41,AdamW,0.9500893402604,True,False,True,True,True,0.0003707658465,0.0199655212649,,,,,0.9451534424409,44169.0,,True,3.0,52.0,False,20.0,0.6961688035966
ordinal,ka_rbf,none,none,730,none,,,,,,,999116.8215233841,,selu,L2,before_activation,109,L1L2,none,0.6612123675318,he_uniform,L2,7.2445433579585,CosineDecay,1.6049626668019,False,0.3068565994286,5,4,28,46,AdamW,0.0363340870335,False,True,False,True,True,0.0001479433297,0.0010866385469,,0.1593000140636,,,,5520.0,,,2.0,60.0,False,55.0,
ordinal,ka_nystroem,none,std,765,none,rbf,,,True,,,0.1072007598005,,softplus,none,before_activation,1,L1L2,mixup,0.1128828121919,truncated_normal,none,0.0049471544241,InverseTimeDecay,2.278422727993,True,0.6766606371868,9,2,18,59,SGD,0.5212701975647,True,True,False,True,True,,0.0001959113606,,,,,0.9613107774982,487.0,,,4.0,32.0,False,76.0,
none,lda,none,minmax,,poly,,0.5402547244655,,,,,,2,softsign,L1,before_activation,38,L1,cutout,0.8539468441041,he_normal,L1,0.0599659686401,InverseTimeDecay,2.8049579418102,True,0.5932023768628,8,16,199,380,RMSprop,0.8736592215338,True,False,True,True,True,0.02986429187,0.004237926696,0.3992241129449,,,,0.8514988700133,562.0,,False,5.0,100.0,False,50.0,
onehot,kernel_pca,selectp,std,,none,poly,0.3610362305135,46,False,52.543282181893,4.0,0.001072980803,,selu,L2,after_activation,1,L1,cutmix,0.2148854107136,variance_scaling,none,1.0358553815968,CosineDecay,2.4170663081072,False,0.361879164122,8,3,180,1,Adamax,0.1961996505387,True,False,True,True,False,0.0038455895379,0.0027331824891,,0.2792834194409,,,,454853.0,,True,4.0,19.0,False,,0.2196167701357
onehot,agglomerator,selectp,minmax,,none,,0.9364231774332,79,,,,,,selu,L1L2,after_activation,2,L1L2,none,0.1936492671743,he_uniform,none,0.0790501669414,CosineDecay,1.0026761383462,False,0.3169953853903,2,18,1801,448,Adamax,0.0871598196883,True,False,False,True,True,0.0031893548123,0.1390458445235,,0.8965247318096,,,,118007.0,,,3.0,31.0,False,77.0,
ordinal,ka_rbf,none,none,248,none,,,,,,,2701.600199857186,,softplus,L1,after_activation,34,L2,cutout,0.0053789805573,truncated_normal,none,5.81389944e-05,ReduceLROnPlateau,0.8543628737055,False,0.329060268095,3,15,688,396,RMSprop,0.4302276729807,True,True,True,False,True,8.35688716e-05,0.0016999841528,0.2885406605282,,,,0.8303448685255,194049.0,,False,,,,25.0,
none,kernel_pca,none,none,,none,sigmoid,0.8528237789849,,,58.5481306602663,2.0,0.0016270443397,,sigmoid,L2,before_activation,8,L2,none,0.0455522647024,random_normal,L1,2.0435390946907,CosineDecay,0.8129809729824,True,0.3508805450606,5,17,4,4,RMSprop,0.5418990807711,True,False,False,False,True,0.0487781682571,0.0071224482872,,0.4571230332994,,,,123894.0,,,,,,66.0,
ordinal,agglomerator,none,std,,none,,0.4368252203064,,True,,,,,softplus,none,off,258,none,none,0.5586617588784,glorot_normal,none,0.0227029130016,none,1.9555409320171,False,0.3345406226417,4,2,1,1,Nadam,0.4064628715037,False,True,False,False,False,0.052116467141,0.0790999348049,,,,,,,,,,,,,
onehot,lda,selectp,std,,poly,,0.3104219033367,5,False,,,,2,softmax,L1,off,45,none,none,0.7672916266072,truncated_normal,none,0.1424843693563,InverseTimeDecay,1.1686296777972,False,0.4530038380715,5,19,16,1016,RMSprop,0.7157890319242,False,True,True,True,False,7.03937687e-05,0.070382727922,,,,,0.8755984940514,5413.0,,False,5.0,66.0,True,,
ordinal,lda,none,std,,none,,0.481892194764,,True,,,,,softplus,L2,off,336,L1L2,cutout,0.3868838131111,glorot_normal,L1,0.030950735007,CosineDecay,1.2110193054981,True,0.2370004370606,2,8,1454,105,SGD,0.0243378098172,False,True,True,False,True,,0.0006099784555,0.9192787679458,0.6112447184729,,,,1.0,,True,,,,98.0,0.6537238898254
none,kernel_pca,selectp,std,,none,sigmoid,0.9121520443221,72,False,65.1688169878176,5.0,1.56165785e-05,,softplus,L1L2,before_activation,256,L1L2,mixup,0.7702841282097,random_uniform,L1L2,2.5911194625522,CosineDecayRestarts,2.8758491078688,True,0.3800074986106,2,13,4,29,Adam,0.3888134896539,False,False,False,True,True,0.000642088884,0.0067879807686,,0.3457037108633,1.836540436635,2.9369173348148,,4.0,,,2.0,39.0,True,62.0,
none,kernel_pca,selectp,minmax,,none,poly,0.0694621422003,18,,91.3836453189166,4.0,0.0269494888478,,none,none,off,25,L2,none,0.5466301217385,orthogonal,L2,0.1123129235088,CosineDecayRestarts,0.4953989807759,True,0.275773915813,4,11,106,23,Adamax,0.15570141191,False,True,False,False,False,3.48301775e-05,0.0361708850009,,0.4219309610875,1.3581273967648,2.0607613501143,,92503.0,,,,,,,
none,agglomerator,selectp,none,,poly,,0.2766896580887,89,,,,,2,selu,L1,after_activation,29,none,cutout,0.4096103579008,glorot_normal,L2,8.19598742e-05,CosineDecayRestarts,1.7397244890389,True,0.5304635240524,6,12,964,3543,Adamax,0.8079481935646,False,False,False,True,False,0.0002457936954,0.1044208827448,0.8566102534324,0.9338092011118,1.5664852733835,0.577055350483,,2.0,,,1.0,85.0,True,,
onehot,ka_nystroem,none,none,250,none,cosine,,,,,,,,relu,L1,before_activation,2,none,cutmix,0.0811006505553,glorot_normal,none,8.31701554e-05,none,2.3187588670447,False,0.3855052808037,6,2,3,3046,Adamax,0.8396414858964,False,True,False,False,True,0.000424919603,0.0008388497574,,,,,,,,,,,,84.0,
ordinal,ka_nystroem,selectp,none,280,none,cosine,,83,,,,,,gelu,L1L2,before_activation,490,L2,mixup,0.0302137697685,orthogonal,L1L2,0.1728705970012,PolynomialDecay,0.77855862427,False,0.7632190766935,10,16,7,3,Ftrl,0.3417426623448,False,False,False,True,False,,,,,,,,21718.0,2.37150595e-05,,3.0,29.0,False,,
none,ka_nystroem,none,minmax,163,none,rbf,,,,,,7.963736e-06,,softmax,none,after_activation,13,none,none,0.2486587986307,he_normal,L2,0.0089848336126,ReduceLROnPlateau,2.2625324806056,True,0.2215716874405,7,8,729,474,Nadam,0.8563288558421,False,True,False,False,False,0.0011519251368,0.0924926535777,,,,,0.9240149811682,6.0,,,,,,,
onehot,ka_nystroem,selectp,minmax,443,none,cosine,,34,,,,,,softplus,L1,off,28,L1,cutout,0.6499642315921,glorot_uniform,none,0.0083520205691,PolynomialDecay,1.840919426722,False,0.448494741614,7,16,15,1674,AdamW,0.7963128536556,True,True,False,True,False,0.0006775156859,0.0002588628761,0.3709593099457,,,,,2710.0,1.0084531e-05,,4.0,51.0,False,,
none,fastica,selectp,std,,poly,,0.6330931269431,42,True,,,,2,elu,L1,before_activation,48,none,cutmix,0.4412636850324,variance_scaling,L1L2,2.2883719e-06,CosineDecay,2.320960327368,False,0.4683984461283,3,16,765,2414,RMSprop,0.154236537914,True,True,False,True,True,3.55466766e-05,0.0038621494919,,0.3350958076716,,,,38200.0,,,2.0,95.0,False,41.0,
onehot,kernel_pca,selectp,minmax,,none,sigmoid,0.3271839772152,39,,13.6567014195438,5.0,0.1107967670537,,softplus,L1L2,after_activation,72,L1L2,mixup,0.2972984027599,orthogonal,L1L2,0.0340526015879,InverseTimeDecay,1.859597187968,False,0.3493838370786,8,10,188,3163,SGD,0.1134223141168,True,False,False,False,True,,0.0007191034212,,,,,0.9841394968854,169.0,,,,,,86.0,
ordinal,kernel_pca,none,std,,none,rbf,0.1925645408733,,False,,,99.7972775966587,,softsign,L1,after_activation,14,L1,cutout,0.5946040688967,orthogonal,L1L2,7.90362513e-05,CosineDecay,0.5457505489732,True,0.7133297032122,8,1,75,607,SGD,0.6287214023897,True,False,True,False,False,,0.0012044743283,0.4265851743933,0.2944882380108,,,,830016.0,,True,,,,,0.1022614756597
ordinal,fastica,none,minmax,,poly,,0.8649224361725,,,,,,2,selu,L1L2,after_activation,1,none,cutmix,0.0871931271149,he_uniform,none,0.0157533606482,ExponentialDecay,0.4532298434078,False,0.2897072872929,7,17,102,37,Adamax,0.67245817939,False,False,True,True,False,5.73735611e-05,0.0789019152289,,,,,0.9517887679531,1.0,,True,4.0,73.0,False,,0.5991050836104
ordinal,ka_rbf,selectp,none,194,none,,,97,,,,137.558752463846,,elu,L1L2,before_activation,202,none,none,0.2111071839884,he_uniform,L2,6.7655907e-06,ExponentialDecay,2.0986612000317,False,0.3337733767821,9,3,310,330,Adagrad,0.1180838799738,True,False,True,False,True,,,,,,,0.9333536243239,120.0,,True,,,,19.0,0.4555497640069
ordinal,ka_rbf,selectp,none,898,none,,,3,,,,0.1416180148723,,selu,L2,off,34,L1L2,cutmix,0.8494384190051,glorot_uniform,none,8.95269552e-05,CosineDecayRestarts,0.6563921430539,True,0.2890353448514,10,14,971,645,Adam,0.2351400092296,True,True,False,False,True,2.19560728e-05,0.0254594839801,,0.0453923121383,1.5255055933167,2.2420870894884,,886.0,,,,,,69.0,
ordinal,agglomerator,selectp,minmax,,poly,,0.0659470682262,38,,,,,2,selu,L1,before_activation,293,L2,none,0.56211759321,glorot_normal,L2,2.95352681e-05,CosineDecay,0.3176857033101,False,0.4882468200793,10,12,45,115,Adamax,0.4014432895157,True,False,True,False,False,3.02024788e-05,0.0071257752677,,0.2188141132406,,,,22.0,,False,,,,,
ordinal,ka_rbf,none,minmax,493,none,,,,,,,1.2542340896668,,elu,L1L2,before_activation,1,L1,cutmix,0.8549068454894,random_uniform,L2,3.3493613e-06,InverseTimeDecay,1.7232291597066,False,0.2815332690509,9,19,6,567,Adam,0.2793076745166,False,False,True,False,True,0.095584698914,0.0532310930401,,,,,0.8136665010116,9041.0,,False,,,,2.0,
none,ka_rbf,none,std,702,none,,,,False,,,12.8154861680683,,tanh,L2,off,2,L1,cutmix,0.5761500114478,random_uniform,L1L2,0.7907994538752,CosineDecayRestarts,2.2605578052992,True,0.7148900740027,8,11,49,13,Ftrl,0.6632426010476,True,True,False,True,False,,,,0.4272798862029,1.8626684748047,0.6710420241421,,187890.0,,,2.0,39.0,True,,
none,ka_rbf,none,none,574,none,,,,,,,925106.1822433074,,relu,L2,off,3,none,cutout,0.2764860277408,orthogonal,none,6.12826781e-05,ExponentialDecay,1.1790169084089,True,0.6151263276283,6,19,51,43,Adadelta,0.7983892982092,True,False,False,False,True,0.0002038150762,,0.9363989360631,,,,0.9267659117107,297.0,,,,,,7.0,
ordinal,ka_nystroem,selectp,minmax,341,none,sigmoid,,30,,67.671460585023,4.0,5122.07664098208,,elu,L1,off,128,L2,cutmix,0.7900233312488,random_uniform,L1L2,0.0004774921255,none,0.6313978107965,True,0.7489454391148,8,10,161,794,SGD,0.5695450551322,False,False,False,False,True,,0.0699227819565,,,,,,,,,,,,43.0,
none,kernel_pca,selectp,std,,none,sigmoid,0.7808146307721,62,True,30.1655677960508,5.0,8.43219846e-05,,none,L2,after_activation,43,L1L2,cutout,0.2234458545479,random_uniform,L2,0.6059558681092,ExponentialDecay,0.6929196348321,True,0.7657520117223,3,12,5,2,Adamax,0.2419541330686,False,False,False,False,False,4.60899257e-05,0.0004565372604,0.9533787621302,,,,0.8391482898363,2.0,,,,,,,
onehot,kernel_pca,none,none,,none,rbf,0.6940624864255,,,,,2.23511999e-05,,selu,L2,before_activation,116,L2,mixup,0.8044915760086,random_uniform,L2,3.74271103e-05,InverseTimeDecay,1.7159668331902,True,0.5366114613962,5,7,4,7,Ftrl,0.0735909077408,True,False,True,True,True,,,,,,,0.8395763109309,7454.0,,True,1.0,68.0,False,45.0,0.4679133026979
ordinal,kernel_pca,selectp,minmax,,none,sigmoid,0.574352960236,55,,96.1267460214101,5.0,0.2794018863246,,elu,none,off,6,L1,cutout,0.7101027027454,glorot_normal,L2,4.4515824785491,CosineDecay,0.434218815533,False,0.4595159824874,10,9,3686,974,Nadam,0.4307634386452,False,True,True,True,False,0.0069483637376,0.0004878905428,0.0990258369836,0.4937591446515,,,,859711.0,,False,0.0,75.0,False,,
onehot,fastica,none,none,,poly,,0.5593462443715,,,,,,2,softplus,L1,before_activation,2,none,cutout,0.8253977571489,truncated_normal,L1L2,0.0001494605175,none,0.5884042274628,True,0.2250176172791,6,8,3,814,Adam,0.4508750973215,False,True,False,False,False,0.0004410177811,0.003387778468,0.7844630117137,,,,,,,,,,,,
ordinal,ka_rbf,none,std,284,none,,,,True,,,61.6056134983774,,softmax,L2,after_activation,1,none,none,0.3935377385588,variance_scaling,L2,0.1387096903395,none,1.0461912101238,False,0.6055131028596,2,14,216,26,Adagrad,0.7101751014907,True,True,True,True,False,,,,,,,,,,True,5.0,45.0,True,,0.6632491364206
none,none,selectp,std,,none,,,7,True,,,,,selu,L1L2,before_activation,33,L2,cutmix,0.2915904131007,glorot_normal,L1L2,9.3681066e-06,none,2.9229300363568,True,0.2730052233498,7,15,1,129,SGD,0.9339289359708,False,False,False,False,False,,0.0033163086195,,,,,,,,,,,,,
none,agglomerator,selectp,none,,none,,0.7682778865513,11,,,,,,relu,L1L2,after_activation,1,none,cutmix,0.0159568166131,truncated_normal,L2,0.0014225480306,ReduceLROnPlateau,2.5409482661176,True,0.2289597958697,9,11,1966,19,Nadam,0.8385259842883,True,True,True,False,False,0.0823111923517,0.0001403040192,,,,,0.8338456215859,7111.0,,False,,,,,
ordinal,pca,selectp,std,,none,,,93,True,,,,,selu,none,off,1,L1L2,none,0.7196270271427,variance_scaling,L2,1.18814417e-05,none,1.5212376406428,False,0.3029186880075,4,6,18,10,Ftrl,0.096469690988,False,False,False,False,True,,,,,,,,,,,,,,52.0,
onehot,pca,selectp,std,,none,,,90,True,,,,,tanh,L1,after_activation,74,L2,none,0.6518932649747,variance_scaling,L2,0.01673608843,CosineDecayRestarts,2.5899454147324,True,0.2731936566019,10,7,358,1555,Adadelta,0.3247908245914,False,False,True,True,False,6.45770878e-05,,,0.154598773541,1.1147529446661,1.9048891009161,,1.0,,True,4.0,61.0,True,,0.173863898498
ordinal,lda,none,none,,none,,0.026147388937,,,,,,,gelu,L2,before_activation,173,none,none,0.4345727695989,random_uniform,L2,0.0001425593935,PolynomialDecay,0.548051339064,False,0.4403657704652,10,11,654,616,Nadam,0.4772588266705,False,True,False,True,False,0.0013726810679,0.1760753656965,,,,,,53714.0,5.4158862e-06,,3.0,8.0,True,,
ordinal,fastica,none,minmax,,poly,,0.7624774170373,,,,,,2,selu,L2,before_activation,1,L2,mixup,0.5660268936472,random_uniform,L2,0.0001033471296,none,2.286636793394,True,0.4429152335411,3,18,3902,2211,SGD,0.8933440896586,True,False,False,True,True,,0.1045014951031,,,,,,,,,1.0,27.0,True,59.0,
onehot,fastica,selectp,std,,poly,,0.7319409434869,46,False,,,,2,relu,L2,off,27,none,mixup,0.0359146835266,he_uniform,L1,4.3828024002876,InverseTimeDecay,1.0449537853408,False,0.7283296078881,3,5,4,1500,Adamax,0.3801343026601,False,False,True,True,True,0.0005023051658,0.0001463571063,,,,,0.9635204727185,9080.0,,True,0.0,91.0,True,94.0,0.7663964520041
none,lda,selectp,none,,poly,,0.8562310026013,22,,,,,2,selu,L2,off,191,L2,cutout,0.2164994155738,random_normal,L2,0.296390407782,ReduceLROnPlateau,1.618063297067,False,0.5257135262228,10,6,1,2,Adagrad,0.5375395931048,True,True,False,False,False,,,0.5565682850961,,,,0.8352830326548,1.0,,,,,,,
ordinal,pca,none,none,,none,,,,,,,,,sigmoid,L2,after_activation,38,L1L2,cutmix,0.8096919987511,random_uniform,L1L2,4.8210328e-05,InverseTimeDecay,0.7802539551146,False,0.387651314281,6,19,1054,2973,AdamW,0.0214450568583,False,False,True,True,False,0.0044086952223,0.0159756792916,,,,,0.8793036823039,2262.0,,False,2.0,41.0,False,,
ordinal,fastica,selectp,std,,none,,0.1466993155013,38,True,,,,,none,none,after_activation,55,L1L2,none,0.0519815101348,random_normal,L1L2,0.00634193061,ReduceLROnPlateau,0.3194643652099,False,0.6088795810485,10,1,85,125,Adagrad,0.3878608790949,True,False,True,True,True,,,,,,,0.9867581414196,26315.0,,True,2.0,57.0,True,95.0,0.2421382868543
ordinal,ka_nystroem,selectp,none,63,none,sigmoid,,89,,85.3135967731598,4.0,62.7596920712792,,softsign,none,after_activation,83,L1,cutmix,0.0136818975837,orthogonal,L1L2,0.005925660266,ReduceLROnPlateau,0.3044048187806,True,0.6017776413739,7,19,1,6,Adam,0.683818922402,True,False,False,True,True,0.0001367294085,0.1168476587426,,,,,0.851985081716,1.0,,,5.0,9.0,True,67.0,
onehot,ka_rbf,selectp,none,215,none,,,4,,,,2.1045700848437,,none,L1L2,before_activation,265,L2,none,0.4266979577118,he_uniform,L1,0.0096529333304,CosineDecayRestarts,1.3999172404076,False,0.5697496417604,2,2,3,24,RMSprop,0.7624668031789,True,True,True,True,True,0.0003656461579,0.1908475270749,,0.5335025253028,1.6897426986489,0.7570823505919,,28.0,,True,2.0,69.0,True,7.0,0.1133956145412
ordinal,none,none,none,,poly,,,,,,,,2,relu,L2,off,7,L1,cutout,0.1168863924159,truncated_normal,L1L2,0.1667922367689,InverseTimeDecay,1.1872774754629,False,0.744281517111,7,15,437,1,Adagrad,0.3846172137887,True,True,False,True,False,,,0.083574167524,,,,0.9545770233811,319891.0,,,2.0,12.0,False,,
ordinal,lda,none,minmax,,poly,,0.5296423435186,,,,,,2,softplus,L2,off,5,L1,none,0.1067646723537,random_normal,L2,5.5428102684148,ExponentialDecay,2.1038552117947,False,0.4404880162192,4,15,2,2186,Adam,0.7777432462976,False,False,False,True,False,0.0147091779578,0.1968695187526,,,,,0.9045653417702,7113.0,,,5.0,12.0,True,,
onehot,fastica,none,minmax,,none,,0.2124766715674,,,,,,,softmax,L2,before_activation,1,L2,none,0.11993052272,random_uniform,L1L2,1.7947180417836,PolynomialDecay,1.2079477600126,False,0.2964174196373,9,7,470,1764,SGD,0.0037614751064,True,True,False,True,False,,0.0453707236934,,,,,,292.0,2.61005857e-05,,4.0,54.0,False,,
ordinal,lda,none,none,,none,,0.3104002753498,,,,,,,softsign,L1,off,23,none,none,0.0423071090126,random_normal,L2,0.0320376904163,ReduceLROnPlateau,2.4243816327335,False,0.6379062950621,9,2,2247,3056,AdamW,0.3982081841404,True,True,True,True,True,0.0196891505186,0.0007043942899,,,,,0.895616871059,1284.0,,False,2.0,61.0,False,92.0,
onehot,lda,none,std,,none,,0.1388345837423,,True,,,,,sigmoid,L2,after_activation,41,L2,cutmix,0.3517367408531,glorot_uniform,L2,1.94930441e-05,PolynomialDecay,0.3827156152986,False,0.5822675237085,5,5,1576,103,Adam,0.9613990129828,True,True,True,False,False,0.0018776612307,0.0008334746791,,,,,,167213.0,4.2197075e-06,False,,,,,
onehot,lda,none,std,,poly,,0.1082012440694,,False,,,,2,gelu,L1L2,after_activation,7,L1L2,none,0.8210157868081,he_uniform,L1,0.0141157679843,CosineDecayRestarts,0.8572856421956,False,0.3236904131897,4,17,2155,189,RMSprop,0.5564457973307,False,False,False,False,False,0.0097420088388,0.001711542623,,0.3848658837849,0.5405086723959,1.5532096910284,,3.0,,,,,,,
ordinal,lda,selectp,none,,none,,0.9952240598663,77,,,,,,tanh,L2,after_activation,30,L2,cutmix,0.2660156844452,truncated_normal,L1,8.0409955277043,CosineDecayRestarts,1.4662060132416,True,0.6801922655079,10,8,2,2,Adagrad,0.8264450660069,True,True,False,True,False,,,,0.8166095621321,0.6310749380182,2.959633654747,,5.0,,,0.0,32.0,False,,
none,lda,selectp,none,,none,,0.3417991466888,81,,,,,,tanh,L1,after_activation,5,none,none,0.2558023236545,glorot_normal,none,0.0001731239761,CosineDecayRestarts,1.3797248984964,False,0.4118981576749,7,17,270,1307,Adagrad,0.7772441428684,True,False,False,True,True,,,,0.9790740579819,1.5156876801906,1.5527826503855,,7.0,,,1.0,10.0,True,10.0,
none,fastica,selectp,minmax,,poly,,0.1902567499311,83,,,,,2,none,L1,after_activation,4,L1,cutmix,0.2981506018879,truncated_normal,L1,9.3624258222115,CosineDecayRestarts,2.0383523342805,False,0.3547399184208,2,15,22,4,AdamW,0.8255544646263,False,True,False,True,False,1.62299008e-05,0.0013699343654,,0.8122405087634,1.1813214500435,2.856662747633,,9524.0,,,5.0,6.0,False,,
onehot,fastica,selectp,none,,none,,0.1859527672342,46,,,,,,softmax,L2,after_activation,2,L1L2,none,0.5105606958839,he_normal,L1L2,1.28031918e-05,ExponentialDecay,0.6466647378841,False,0.6573828187017,7,5,1,1,Nadam,0.0338375655033,False,False,False,False,False,0.0060644870468,0.001391695582,,,,,0.9135949962588,4864.0,,,,,,,
ordinal,fastica,none,minmax,,none,,0.5190135829195,,,,,,,gelu,L2,before_activation,91,L1L2,none,0.1904922859503,variance_scaling,L1,0.8534983241472,ReduceLROnPlateau,2.4368509938993,False,0.4701002536155,3,5,807,240,Adamax,0.9707694871918,False,True,False,True,False,0.0001579020228,0.0815633061311,,,,,0.9686579548377,188027.0,,,4.0,48.0,False,,
ordinal,lda,selectp,none,,poly,,0.124579815173,91,,,,,2,elu,L2,after_activation,223,L2,cutout,0.6671115520917,random_normal,L2,8.0582504109076,ReduceLROnPlateau,1.8755024165091,False,0.7250845059261,8,18,18,9,Ftrl,0.8367905984629,True,True,False,False,False,,,0.1839139280131,,,,0.9302661467886,41316.0,,,,,,,
onehot,ka_rbf,none,minmax,523,none,,,,,,,0.0003491872682,,none,L2,after_activation,12,L1L2,cutmix,0.0230667364272,orthogonal,L1L2,0.3780391925908,ReduceLROnPlateau,1.0695269475261,True,0.4143997191207,9,10,930,3580,Adagrad,0.8366326648973,True,False,False,False,True,,,,,,,0.8669895687178,6.0,,,,,,33.0,
ordinal,pca,none,none,,none,,,,,,,,,sigmoid,none,before_activation,2,L1,mixup,0.0569488220866,he_normal,L2,0.0184508398977,none,0.8215098431869,True,0.7654515957603,3,14,756,2679,Adam,0.1897886111916,False,True,True,False,False,0.0521071212786,0.0024852139718,,,,,,,,False,,,,,
none,ka_nystroem,none,none,168,none,cosine,,,,,,,,relu,none,off,32,none,none,0.1,glorot_uniform,none,0.0001,none,1.0,False,0.2,5,9,512,512,SGD,0.01,False,True,True,False,False,0.0001,0.01,0.1,0.0,1.0,2.0,0.9,1000.0,1e-05,False,0.0,20.0,False,5.0,0.5
onehot,agglomerator,selectp,none,,poly,,0.9722847507226,15,,,,,2,relu,none,off,32,none,none,0.1,glorot_uniform,none,0.0001,none,1.0,False,0.2,5,9,512,512,SGD,0.01,False,True,True,False,False,0.0001,0.01,0.1,0.0,1.0,2.0,0.9,1000.0,1e-05,False,0.0,20.0,False,5.0,0.5
ordinal,ka_rbf,selectp,std,250,none,,,14,True,,,518.3798243175953,,relu,none,off,32,none,none,0.1,glorot_uniform,none,0.0001,none,1.0,False,0.2,5,9,512,512,SGD,0.01,False,True,True,False,False,0.0001,0.01,0.1,0.0,1.0,2.0,0.9,1000.0,1e-05,False,0.0,20.0,False,5.0,0.5
none,ka_nystroem,selectp,std,67,none,sigmoid,,83,False,94.3391740184615,4.0,253.8539531020766,,relu,none,off,32,none,none,0.1,glorot_uniform,none,0.0001,none,1.0,False,0.2,5,9,512,512,SGD,0.01,False,True,True,False,False,0.0001,0.01,0.1,0.0,1.0,2.0,0.9,1000.0,1e-05,False,0.0,20.0,False,5.0,0.5
